,agent,task,seed,frame,episode_reward,hour
0,DrQ-v2,reacher_hard,1,0,0.0,1.533097691006111e-06
1,DrQ-v2,reacher_hard,1,20000,0.0,0.04308314495616489
2,DrQ-v2,reacher_hard,1,40000,4.5,0.09403673536247677
3,DrQ-v2,reacher_hard,1,60000,16.0,0.14484291560120052
4,DrQ-v2,reacher_hard,1,80000,0.2,0.19563793818155925
5,DrQ-v2,reacher_hard,1,100000,34.5,0.24644572178522745
6,DrQ-v2,reacher_hard,1,120000,8.2,0.2969893048869239
7,DrQ-v2,reacher_hard,1,140000,2.6,0.3471408567825953
8,DrQ-v2,reacher_hard,1,160000,10.7,0.3974848320749071
9,DrQ-v2,reacher_hard,1,180000,197.7,0.4476773320304023
10,DrQ-v2,reacher_hard,1,200000,207.5,0.49928582297431096
11,DrQ-v2,reacher_hard,1,220000,4.8,0.5506214697493447
12,DrQ-v2,reacher_hard,1,240000,96.0,0.6019580181439718
13,DrQ-v2,reacher_hard,1,260000,190.7,0.6530316189262602
14,DrQ-v2,reacher_hard,1,280000,198.5,0.7048744153314167
15,DrQ-v2,reacher_hard,1,300000,96.2,0.7579301601648331
16,DrQ-v2,reacher_hard,1,320000,258.4,0.8107181619273292
17,DrQ-v2,reacher_hard,1,340000,287.4,0.863766915268368
18,DrQ-v2,reacher_hard,1,360000,288.0,0.9169331219461229
19,DrQ-v2,reacher_hard,1,380000,202.0,0.9698924421601826
20,DrQ-v2,reacher_hard,1,400000,189.4,1.0224604498677783
21,DrQ-v2,reacher_hard,1,420000,390.0,1.0750076052215365
22,DrQ-v2,reacher_hard,1,440000,285.0,1.1274865027931003
23,DrQ-v2,reacher_hard,1,460000,484.5,1.1800320703453488
24,DrQ-v2,reacher_hard,1,480000,289.3,1.2322043689754274
25,DrQ-v2,reacher_hard,1,500000,670.4,1.2847433491547902
26,DrQ-v2,reacher_hard,1,520000,777.1,1.3371889738241831
27,DrQ-v2,reacher_hard,1,540000,197.3,1.3897483359442817
28,DrQ-v2,reacher_hard,1,560000,371.8,1.4421660506063037
29,DrQ-v2,reacher_hard,1,580000,431.9,1.494416955974367
30,DrQ-v2,reacher_hard,1,600000,579.9,1.5467185464832518
31,DrQ-v2,reacher_hard,1,620000,678.6,1.5990800962845484
32,DrQ-v2,reacher_hard,1,640000,583.7,1.6515884038474824
33,DrQ-v2,reacher_hard,1,660000,482.8,1.7039886021614075
34,DrQ-v2,reacher_hard,1,680000,481.6,1.7563358377085792
35,DrQ-v2,reacher_hard,1,700000,489.3,1.8087237942218781
36,DrQ-v2,reacher_hard,1,720000,578.8,1.8610538012451598
37,DrQ-v2,reacher_hard,1,740000,196.5,1.913739112549358
38,DrQ-v2,reacher_hard,1,760000,483.6,1.9658997650941212
39,DrQ-v2,reacher_hard,1,780000,386.3,2.0182375711202623
40,DrQ-v2,reacher_hard,1,800000,680.8,2.0700503487057156
41,DrQ-v2,reacher_hard,1,820000,561.3,2.1221170094278126
42,DrQ-v2,reacher_hard,1,840000,654.7,2.174485282500585
43,DrQ-v2,reacher_hard,1,860000,490.5,2.226896450387107
44,DrQ-v2,reacher_hard,1,880000,681.4,2.2793496851126354
45,DrQ-v2,reacher_hard,1,900000,758.1,2.331454828315311
46,DrQ-v2,reacher_hard,1,920000,772.1,2.384012845224804
47,DrQ-v2,reacher_hard,1,940000,680.9,2.43605689936214
48,DrQ-v2,reacher_hard,1,960000,779.4,2.4885203714503183
49,DrQ-v2,reacher_hard,1,980000,488.0,2.5408690802256264
50,DrQ-v2,reacher_hard,1,1000000,843.6,2.593210534850757
51,DrQ-v2,reacher_hard,1,1020000,869.9,2.6454545520411603
52,DrQ-v2,reacher_hard,1,1040000,741.2,2.6976886076397366
53,DrQ-v2,reacher_hard,1,1060000,576.8,2.7497531419330175
54,DrQ-v2,reacher_hard,1,1080000,783.3,2.802067672411601
55,DrQ-v2,reacher_hard,1,1100000,832.6,2.8541181994809044
56,DrQ-v2,reacher_hard,1,1120000,879.3,2.906188745896021
57,DrQ-v2,reacher_hard,1,1140000,673.1,2.958684598935975
58,DrQ-v2,reacher_hard,1,1160000,713.7,3.010882210731507
59,DrQ-v2,reacher_hard,1,1180000,772.3,3.0627929713990953
60,DrQ-v2,reacher_hard,1,1200000,878.0,3.114853928751416
61,DrQ-v2,reacher_hard,1,1220000,679.5,3.167035081982612
62,DrQ-v2,reacher_hard,1,1240000,778.2,3.2192722837792505
63,DrQ-v2,reacher_hard,1,1260000,872.8,3.27158368104034
64,DrQ-v2,reacher_hard,1,1280000,840.5,3.323607257472144
65,DrQ-v2,reacher_hard,1,1300000,555.3,3.3756677720281814
66,DrQ-v2,reacher_hard,1,1320000,878.3,3.4281897770696217
67,DrQ-v2,reacher_hard,1,1340000,587.6,3.4806962562931916
68,DrQ-v2,reacher_hard,1,1360000,873.3,3.5330198667446773
69,DrQ-v2,reacher_hard,1,1380000,972.5,3.5852806991338735
70,DrQ-v2,reacher_hard,1,1400000,629.9,3.63767679936356
71,DrQ-v2,reacher_hard,1,1420000,880.4,3.689908027516471
72,DrQ-v2,reacher_hard,1,1440000,781.2,3.7421610190471015
73,DrQ-v2,reacher_hard,1,1460000,868.7,3.79411570959621
74,DrQ-v2,reacher_hard,1,1480000,872.5,3.8464078428347905
75,DrQ-v2,reacher_hard,1,1500000,968.7,3.898523693482081
76,DrQ-v2,reacher_hard,1,1520000,888.1,3.950826881726583
77,DrQ-v2,reacher_hard,1,1540000,970.4,4.002846185498768
78,DrQ-v2,reacher_hard,1,1560000,771.6,4.0551760308610065
79,DrQ-v2,reacher_hard,1,1580000,818.9,4.107408483359549
80,DrQ-v2,reacher_hard,1,1600000,873.2,4.159618154499265
81,DrQ-v2,reacher_hard,1,1620000,878.1,4.212068721585804
82,DrQ-v2,reacher_hard,1,1640000,962.8,4.264323366483053
83,DrQ-v2,reacher_hard,1,1660000,857.8,4.316687815321817
84,DrQ-v2,reacher_hard,1,1680000,793.9,4.369071508049965
85,DrQ-v2,reacher_hard,1,1700000,877.6,4.4213063260581755
86,DrQ-v2,reacher_hard,1,1720000,810.3,4.473345826201968
87,DrQ-v2,reacher_hard,1,1740000,875.6,4.525691432621744
88,DrQ-v2,reacher_hard,1,1760000,969.8,4.577954642706447
89,DrQ-v2,reacher_hard,1,1780000,838.0,4.630269558429718
90,DrQ-v2,reacher_hard,1,1800000,972.9,4.682382809387313
91,DrQ-v2,reacher_hard,1,1820000,943.6,4.734459694160355
92,DrQ-v2,reacher_hard,1,1840000,964.6,4.787164599233203
93,DrQ-v2,reacher_hard,1,1860000,781.2,4.839402650793393
94,DrQ-v2,reacher_hard,1,1880000,872.8,4.8916907944281895
95,DrQ-v2,reacher_hard,1,1900000,875.0,4.943826593094402
96,DrQ-v2,reacher_hard,1,1920000,973.9,4.9962186186181174
97,DrQ-v2,reacher_hard,1,1940000,968.1,5.048457049197621
98,DrQ-v2,reacher_hard,1,1960000,970.2,5.1005648589134225
99,DrQ-v2,reacher_hard,1,1980000,967.4,5.1527536695533325
100,DrQ-v2,reacher_hard,1,2000000,873.6,5.205381406214502
101,DrQ-v2,reacher_hard,1,2020000,939.1,5.257923770414458
102,DrQ-v2,reacher_hard,1,2040000,966.1,5.310546776122517
103,DrQ-v2,reacher_hard,1,2060000,970.3,5.363338523308436
104,DrQ-v2,reacher_hard,1,2080000,971.5,5.415809160404735
105,DrQ-v2,reacher_hard,1,2100000,963.2,5.4683102076583445
106,DrQ-v2,reacher_hard,1,2120000,965.0,5.520676226483451
107,DrQ-v2,reacher_hard,1,2140000,967.5,5.573248056438234
108,DrQ-v2,reacher_hard,1,2160000,971.5,5.625466433432367
109,DrQ-v2,reacher_hard,1,2180000,965.4,5.678111275964313
110,DrQ-v2,reacher_hard,1,2200000,968.2,5.730857890844344
111,DrQ-v2,reacher_hard,1,2220000,971.1,5.783670633965069
112,DrQ-v2,reacher_hard,1,2240000,968.3,5.836443384223514
113,DrQ-v2,reacher_hard,1,2260000,966.8,5.889190434084999
114,DrQ-v2,reacher_hard,1,2280000,969.6,5.94186901933617
115,DrQ-v2,reacher_hard,1,2300000,978.0,5.99427321864499
116,DrQ-v2,reacher_hard,1,2320000,971.8,6.047060936292013
117,DrQ-v2,reacher_hard,1,2340000,966.9,6.099777431620492
118,DrQ-v2,reacher_hard,1,2360000,977.2,6.152522611021996
119,DrQ-v2,reacher_hard,1,2380000,973.3,6.204998637901412
120,DrQ-v2,reacher_hard,1,2400000,884.3,6.257683412763807
121,DrQ-v2,reacher_hard,1,2420000,970.5,6.31064829217063
122,DrQ-v2,reacher_hard,1,2440000,968.1,6.363385731445417
123,DrQ-v2,reacher_hard,1,2460000,951.3,6.416376588741938
124,DrQ-v2,reacher_hard,1,2480000,968.6,6.46920701040162
125,DrQ-v2,reacher_hard,1,2500000,971.9,6.521937682032585
126,DrQ-v2,reacher_hard,1,2520000,971.3,6.574810713264679
127,DrQ-v2,reacher_hard,1,2540000,973.2,6.6278615223036885
128,DrQ-v2,reacher_hard,1,2560000,976.4,6.680621487233373
129,DrQ-v2,reacher_hard,1,2580000,965.7,6.733502655095524
130,DrQ-v2,reacher_hard,1,2600000,969.9,6.786524128582744
131,DrQ-v2,reacher_hard,1,2620000,967.7,6.839445219569736
132,DrQ-v2,reacher_hard,1,2640000,970.8,6.892232952316602
133,DrQ-v2,reacher_hard,1,2660000,973.5,6.944988768166967
134,DrQ-v2,reacher_hard,1,2680000,973.1,6.9980373364024695
135,DrQ-v2,reacher_hard,1,2700000,947.7,7.050870471133125
136,DrQ-v2,reacher_hard,1,2720000,971.6,7.10356598244773
137,DrQ-v2,reacher_hard,1,2740000,972.2,7.1563943862915025
138,DrQ-v2,reacher_hard,1,2760000,970.3,7.209396530124876
139,DrQ-v2,reacher_hard,1,2780000,974.1,7.262266149520873
140,DrQ-v2,reacher_hard,1,2800000,973.7,7.315232371025615
141,DrQ-v2,reacher_hard,1,2820000,972.2,7.3680907795826585
142,DrQ-v2,reacher_hard,1,2840000,969.5,7.421125520467758
143,DrQ-v2,reacher_hard,1,2860000,967.3,7.474062510662609
144,DrQ-v2,reacher_hard,1,2880000,971.8,7.526885843939251
145,DrQ-v2,reacher_hard,1,2900000,972.5,7.579913187623024
146,DrQ-v2,reacher_hard,1,2920000,969.3,7.632763549751705
147,DrQ-v2,reacher_hard,1,2940000,972.0,7.684721545908186
148,DrQ-v2,reacher_hard,1,2960000,972.0,7.732097300688426
149,DrQ-v2,reacher_hard,1,2980000,970.0,7.778319876657592
0,DrQ-v2,reacher_hard,2,0,72.7,1.6433000564575e-06
1,DrQ-v2,reacher_hard,2,20000,9.0,0.09349150571558211
2,DrQ-v2,reacher_hard,2,40000,3.8,0.204630516105228
3,DrQ-v2,reacher_hard,2,60000,14.6,0.315182683467865
4,DrQ-v2,reacher_hard,2,80000,0.4,0.4264630593193902
5,DrQ-v2,reacher_hard,2,100000,13.2,0.5375582500961091
6,DrQ-v2,reacher_hard,2,120000,0.3,0.6495589527156618
7,DrQ-v2,reacher_hard,2,140000,0.2,0.760787931283315
8,DrQ-v2,reacher_hard,2,160000,0.3,0.8717853857411278
9,DrQ-v2,reacher_hard,2,180000,0.2,0.9830382645792433
10,DrQ-v2,reacher_hard,2,200000,0.0,1.094093703561359
11,DrQ-v2,reacher_hard,2,220000,3.0,1.2062771919700834
12,DrQ-v2,reacher_hard,2,240000,2.1,1.3174160366588168
13,DrQ-v2,reacher_hard,2,260000,2.1,1.428887056377199
14,DrQ-v2,reacher_hard,2,280000,0.3,1.5408221693833668
15,DrQ-v2,reacher_hard,2,300000,10.6,1.6522668991486231
16,DrQ-v2,reacher_hard,2,320000,25.5,1.763635253376431
17,DrQ-v2,reacher_hard,2,340000,1.7,1.8750681116845873
18,DrQ-v2,reacher_hard,2,360000,0.7,1.9860310477018357
19,DrQ-v2,reacher_hard,2,380000,0.0,2.0970384485854043
20,DrQ-v2,reacher_hard,2,400000,5.5,2.2078240342934925
21,DrQ-v2,reacher_hard,2,420000,303.0,2.318941483894984
22,DrQ-v2,reacher_hard,2,440000,173.8,2.4297218814823363
23,DrQ-v2,reacher_hard,2,460000,191.9,2.5410336180528006
24,DrQ-v2,reacher_hard,2,480000,8.5,2.651921161545648
25,DrQ-v2,reacher_hard,2,500000,0.2,2.763003928860029
26,DrQ-v2,reacher_hard,2,520000,0.5,2.873461951613426
27,DrQ-v2,reacher_hard,2,540000,71.7,2.984391390681267
28,DrQ-v2,reacher_hard,2,560000,97.2,3.0955047021309534
29,DrQ-v2,reacher_hard,2,580000,93.9,3.2072655924823548
30,DrQ-v2,reacher_hard,2,600000,285.2,3.318645978238848
31,DrQ-v2,reacher_hard,2,620000,207.9,3.4296361749039757
32,DrQ-v2,reacher_hard,2,640000,291.7,3.540708397229512
33,DrQ-v2,reacher_hard,2,660000,215.4,3.651661999556753
34,DrQ-v2,reacher_hard,2,680000,27.6,3.762791529893875
35,DrQ-v2,reacher_hard,2,700000,355.4,3.8740290748410753
36,DrQ-v2,reacher_hard,2,720000,387.6,3.9851289149125417
37,DrQ-v2,reacher_hard,2,740000,488.6,4.095959558818075
38,DrQ-v2,reacher_hard,2,760000,306.6,4.207247011727756
39,DrQ-v2,reacher_hard,2,780000,101.0,4.318847695721519
40,DrQ-v2,reacher_hard,2,800000,293.2,4.429844417174658
41,DrQ-v2,reacher_hard,2,820000,333.8,4.541059544881185
42,DrQ-v2,reacher_hard,2,840000,292.8,4.6521079512437185
43,DrQ-v2,reacher_hard,2,860000,287.4,4.763271519011921
44,DrQ-v2,reacher_hard,2,880000,585.9,4.874635180499818
45,DrQ-v2,reacher_hard,2,900000,314.3,4.985446199642287
46,DrQ-v2,reacher_hard,2,920000,184.5,5.096402765247557
47,DrQ-v2,reacher_hard,2,940000,192.7,5.207444702784222
48,DrQ-v2,reacher_hard,2,960000,386.8,5.318578602539168
49,DrQ-v2,reacher_hard,2,980000,539.9,5.4304052271445595
50,DrQ-v2,reacher_hard,2,1000000,385.8,5.541338202688429
51,DrQ-v2,reacher_hard,2,1020000,322.2,5.6527323194344845
52,DrQ-v2,reacher_hard,2,1040000,720.8,5.763972186115053
53,DrQ-v2,reacher_hard,2,1060000,729.6,5.875380724867184
54,DrQ-v2,reacher_hard,2,1080000,485.2,5.987005033757952
55,DrQ-v2,reacher_hard,2,1100000,384.5,6.098622032602628
56,DrQ-v2,reacher_hard,2,1120000,386.8,6.210250576734543
57,DrQ-v2,reacher_hard,2,1140000,395.1,6.3213878252771165
58,DrQ-v2,reacher_hard,2,1160000,606.5,6.433058265182707
59,DrQ-v2,reacher_hard,2,1180000,391.5,6.54425576335854
60,DrQ-v2,reacher_hard,2,1200000,293.7,6.655782788925701
61,DrQ-v2,reacher_hard,2,1220000,487.3,6.767373713453611
62,DrQ-v2,reacher_hard,2,1240000,733.1,6.878448515799311
63,DrQ-v2,reacher_hard,2,1260000,485.4,6.989827792843183
64,DrQ-v2,reacher_hard,2,1280000,725.5,7.100790156059796
65,DrQ-v2,reacher_hard,2,1300000,681.4,7.211893384456634
66,DrQ-v2,reacher_hard,2,1320000,677.5,7.323070035974185
67,DrQ-v2,reacher_hard,2,1340000,663.1,7.4342652744054805
68,DrQ-v2,reacher_hard,2,1360000,875.4,7.545841019484732
69,DrQ-v2,reacher_hard,2,1380000,769.0,7.657580395936967
70,DrQ-v2,reacher_hard,2,1400000,782.5,7.768837409946655
71,DrQ-v2,reacher_hard,2,1420000,869.9,7.879384631911914
72,DrQ-v2,reacher_hard,2,1440000,777.0,7.990645682348146
73,DrQ-v2,reacher_hard,2,1460000,859.6,8.102079408632385
74,DrQ-v2,reacher_hard,2,1480000,869.9,8.213663140535356
75,DrQ-v2,reacher_hard,2,1500000,492.1,8.324785359236929
76,DrQ-v2,reacher_hard,2,1520000,679.5,8.435924341215028
77,DrQ-v2,reacher_hard,2,1540000,778.0,8.546769565277629
78,DrQ-v2,reacher_hard,2,1560000,822.1,8.658205275999174
79,DrQ-v2,reacher_hard,2,1580000,878.2,8.769872149957552
80,DrQ-v2,reacher_hard,2,1600000,973.0,8.881278206507366
81,DrQ-v2,reacher_hard,2,1620000,680.6,8.992219351861213
82,DrQ-v2,reacher_hard,2,1640000,680.2,9.10370614449183
83,DrQ-v2,reacher_hard,2,1660000,768.9,9.215257724722226
84,DrQ-v2,reacher_hard,2,1680000,972.5,9.325914838777647
85,DrQ-v2,reacher_hard,2,1700000,966.9,9.437659345269203
86,DrQ-v2,reacher_hard,2,1720000,973.9,9.548514906830258
87,DrQ-v2,reacher_hard,2,1740000,660.9,9.66018212378025
88,DrQ-v2,reacher_hard,2,1760000,872.2,9.771665990816222
89,DrQ-v2,reacher_hard,2,1780000,774.5,9.88296545068423
90,DrQ-v2,reacher_hard,2,1800000,972.4,9.994049367639754
91,DrQ-v2,reacher_hard,2,1820000,704.1,10.105024258957968
92,DrQ-v2,reacher_hard,2,1840000,969.4,10.216554804179404
93,DrQ-v2,reacher_hard,2,1860000,870.9,10.32781510717339
94,DrQ-v2,reacher_hard,2,1880000,977.8,10.439034213291274
95,DrQ-v2,reacher_hard,2,1900000,973.1,10.549996592402458
96,DrQ-v2,reacher_hard,2,1920000,963.3,10.661931001875136
97,DrQ-v2,reacher_hard,2,1940000,974.4,10.77348817706108
98,DrQ-v2,reacher_hard,2,1960000,965.1,10.884300025569068
99,DrQ-v2,reacher_hard,2,1980000,965.1,10.9953241803911
100,DrQ-v2,reacher_hard,2,2000000,967.3,11.106083240376579
101,DrQ-v2,reacher_hard,2,2020000,910.5,11.217206444342931
102,DrQ-v2,reacher_hard,2,2040000,971.0,11.329003790683217
103,DrQ-v2,reacher_hard,2,2060000,973.3,11.44029425813092
104,DrQ-v2,reacher_hard,2,2080000,882.4,11.551978941890928
105,DrQ-v2,reacher_hard,2,2100000,967.8,11.663242654336822
106,DrQ-v2,reacher_hard,2,2120000,969.3,11.774569246172906
107,DrQ-v2,reacher_hard,2,2140000,875.4,11.885584447715017
108,DrQ-v2,reacher_hard,2,2160000,924.6,11.996560914516449
109,DrQ-v2,reacher_hard,2,2180000,873.4,12.108141992092133
110,DrQ-v2,reacher_hard,2,2200000,966.3,12.219081230627166
111,DrQ-v2,reacher_hard,2,2220000,876.7,12.330323248969185
112,DrQ-v2,reacher_hard,2,2240000,881.4,12.441208422912492
113,DrQ-v2,reacher_hard,2,2260000,966.2,12.552269644273652
114,DrQ-v2,reacher_hard,2,2280000,975.4,12.663785925043955
115,DrQ-v2,reacher_hard,2,2300000,978.5,12.774931071599324
116,DrQ-v2,reacher_hard,2,2320000,871.3,12.886566254297891
117,DrQ-v2,reacher_hard,2,2340000,967.8,12.997766004469659
118,DrQ-v2,reacher_hard,2,2360000,877.4,13.10872634364499
119,DrQ-v2,reacher_hard,2,2380000,893.2,13.219751179946794
120,DrQ-v2,reacher_hard,2,2400000,972.6,13.330984242094889
121,DrQ-v2,reacher_hard,2,2420000,879.7,13.442106951276461
122,DrQ-v2,reacher_hard,2,2440000,967.9,13.553133724265628
123,DrQ-v2,reacher_hard,2,2460000,968.0,13.663874685433175
124,DrQ-v2,reacher_hard,2,2480000,970.8,13.775416702363227
125,DrQ-v2,reacher_hard,2,2500000,966.2,13.887216096387968
126,DrQ-v2,reacher_hard,2,2520000,971.9,13.998631586300002
127,DrQ-v2,reacher_hard,2,2540000,974.2,14.110031011899311
128,DrQ-v2,reacher_hard,2,2560000,969.6,14.221412472195093
129,DrQ-v2,reacher_hard,2,2580000,875.4,14.333004110985334
130,DrQ-v2,reacher_hard,2,2600000,870.5,14.444983694619603
131,DrQ-v2,reacher_hard,2,2620000,967.3,14.556352322763868
132,DrQ-v2,reacher_hard,2,2640000,967.2,14.667653015255928
133,DrQ-v2,reacher_hard,2,2660000,795.3,14.778647296494908
134,DrQ-v2,reacher_hard,2,2680000,968.9,14.890191438396771
135,DrQ-v2,reacher_hard,2,2700000,965.2,15.001490210228496
136,DrQ-v2,reacher_hard,2,2720000,974.6,15.112853475279278
137,DrQ-v2,reacher_hard,2,2740000,972.4,15.224003789623579
138,DrQ-v2,reacher_hard,2,2760000,970.1,15.334994765122731
139,DrQ-v2,reacher_hard,2,2780000,968.0,15.445937775042323
140,DrQ-v2,reacher_hard,2,2800000,979.0,15.556917179491785
141,DrQ-v2,reacher_hard,2,2820000,950.3,15.668422802090644
142,DrQ-v2,reacher_hard,2,2840000,972.0,15.779512186050413
143,DrQ-v2,reacher_hard,2,2860000,885.7,15.89114307800929
144,DrQ-v2,reacher_hard,2,2880000,880.5,16.001678077048727
145,DrQ-v2,reacher_hard,2,2900000,955.4,16.112614850136968
146,DrQ-v2,reacher_hard,2,2920000,882.6,16.22364771220419
147,DrQ-v2,reacher_hard,2,2940000,966.8,16.334855487677785
148,DrQ-v2,reacher_hard,2,2960000,972.6,16.446522201167213
149,DrQ-v2,reacher_hard,2,2980000,964.1,16.556927377250457
0,DrQ-v2,reacher_hard,3,0,0.0,1.2771950827704444e-06
1,DrQ-v2,reacher_hard,3,20000,0.3,0.04237891912460327
2,DrQ-v2,reacher_hard,3,40000,5.5,0.09313475337293413
3,DrQ-v2,reacher_hard,3,60000,0.4,0.14403159293863507
4,DrQ-v2,reacher_hard,3,80000,0.2,0.19474167664845785
5,DrQ-v2,reacher_hard,3,100000,99.0,0.24574310527907478
6,DrQ-v2,reacher_hard,3,120000,42.5,0.29663498289055296
7,DrQ-v2,reacher_hard,3,140000,30.7,0.34744377315044406
8,DrQ-v2,reacher_hard,3,160000,23.3,0.3981620316372978
9,DrQ-v2,reacher_hard,3,180000,247.4,0.44862990399201713
10,DrQ-v2,reacher_hard,3,200000,167.2,0.49916677865717146
11,DrQ-v2,reacher_hard,3,220000,169.8,0.5499477287795809
12,DrQ-v2,reacher_hard,3,240000,292.7,0.60068789601326
13,DrQ-v2,reacher_hard,3,260000,287.0,0.6508834465344747
14,DrQ-v2,reacher_hard,3,280000,111.5,0.7015487176179885
15,DrQ-v2,reacher_hard,3,300000,292.0,0.7526462778117922
16,DrQ-v2,reacher_hard,3,320000,419.4,0.8037075905667411
17,DrQ-v2,reacher_hard,3,340000,312.4,0.8549352917406294
18,DrQ-v2,reacher_hard,3,360000,468.0,0.9059410874048869
19,DrQ-v2,reacher_hard,3,380000,424.0,0.9567889551321667
20,DrQ-v2,reacher_hard,3,400000,324.8,1.0080324243836933
21,DrQ-v2,reacher_hard,3,420000,505.8,1.059036834107505
22,DrQ-v2,reacher_hard,3,440000,383.0,1.110298318862915
23,DrQ-v2,reacher_hard,3,460000,267.1,1.160842216677136
24,DrQ-v2,reacher_hard,3,480000,315.6,1.211761532160971
25,DrQ-v2,reacher_hard,3,500000,237.1,1.26266627477275
26,DrQ-v2,reacher_hard,3,520000,569.2,1.313620483411683
27,DrQ-v2,reacher_hard,3,540000,488.1,1.3643322471115324
28,DrQ-v2,reacher_hard,3,560000,484.5,1.4151958358950085
29,DrQ-v2,reacher_hard,3,580000,579.4,1.4662621626589034
30,DrQ-v2,reacher_hard,3,600000,474.2,1.5169482258293363
31,DrQ-v2,reacher_hard,3,620000,552.0,1.5679077929258347
32,DrQ-v2,reacher_hard,3,640000,541.5,1.618975849085384
33,DrQ-v2,reacher_hard,3,660000,710.6,1.6701971890528997
34,DrQ-v2,reacher_hard,3,680000,602.7,1.7214083619250191
35,DrQ-v2,reacher_hard,3,700000,818.3,1.7724245587322447
36,DrQ-v2,reacher_hard,3,720000,670.3,1.823661535779635
37,DrQ-v2,reacher_hard,3,740000,702.3,1.8747822878758114
38,DrQ-v2,reacher_hard,3,760000,778.1,1.9259603629509607
39,DrQ-v2,reacher_hard,3,780000,866.6,1.9769451263215807
40,DrQ-v2,reacher_hard,3,800000,771.0,2.0279562797811295
41,DrQ-v2,reacher_hard,3,820000,970.5,2.078942305313216
42,DrQ-v2,reacher_hard,3,840000,774.5,2.1294528376393846
43,DrQ-v2,reacher_hard,3,860000,766.8,2.1804193125830755
44,DrQ-v2,reacher_hard,3,880000,971.9,2.231422454979685
45,DrQ-v2,reacher_hard,3,900000,749.9,2.282311272157563
46,DrQ-v2,reacher_hard,3,920000,967.0,2.3326534754037858
47,DrQ-v2,reacher_hard,3,940000,772.6,2.3834016224410797
48,DrQ-v2,reacher_hard,3,960000,876.3,2.4345173197984695
49,DrQ-v2,reacher_hard,3,980000,870.2,2.4854918561379113
50,DrQ-v2,reacher_hard,3,1000000,868.4,2.5363650300767686
51,DrQ-v2,reacher_hard,3,1020000,966.3,2.5871515148878097
52,DrQ-v2,reacher_hard,3,1040000,868.4,2.6383792757987976
53,DrQ-v2,reacher_hard,3,1060000,876.2,2.6893317561017143
54,DrQ-v2,reacher_hard,3,1080000,867.0,2.7403381670183604
55,DrQ-v2,reacher_hard,3,1100000,975.1,2.791452635327975
56,DrQ-v2,reacher_hard,3,1120000,969.9,2.842330151001612
57,DrQ-v2,reacher_hard,3,1140000,959.5,2.8931999481386614
58,DrQ-v2,reacher_hard,3,1160000,966.5,2.944095094270177
59,DrQ-v2,reacher_hard,3,1180000,970.7,2.994940384560161
60,DrQ-v2,reacher_hard,3,1200000,973.0,3.0457439056369995
61,DrQ-v2,reacher_hard,3,1220000,969.2,3.0969177902407115
62,DrQ-v2,reacher_hard,3,1240000,966.7,3.1482299188110567
63,DrQ-v2,reacher_hard,3,1260000,967.6,3.1994753144847023
64,DrQ-v2,reacher_hard,3,1280000,873.8,3.2503476836946277
65,DrQ-v2,reacher_hard,3,1300000,870.4,3.301227676934666
66,DrQ-v2,reacher_hard,3,1320000,877.3,3.351935000816981
67,DrQ-v2,reacher_hard,3,1340000,974.3,3.4031885426574284
68,DrQ-v2,reacher_hard,3,1360000,877.7,3.4541715094116
69,DrQ-v2,reacher_hard,3,1380000,777.6,3.505207875370979
70,DrQ-v2,reacher_hard,3,1400000,871.0,3.5562986691792804
71,DrQ-v2,reacher_hard,3,1420000,870.2,3.6071397997935613
72,DrQ-v2,reacher_hard,3,1440000,966.8,3.6578899399439493
73,DrQ-v2,reacher_hard,3,1460000,969.6,3.7086668229765363
74,DrQ-v2,reacher_hard,3,1480000,970.2,3.759255682163768
75,DrQ-v2,reacher_hard,3,1500000,975.2,3.8101572642061448
76,DrQ-v2,reacher_hard,3,1520000,972.4,3.861168075998625
77,DrQ-v2,reacher_hard,3,1540000,958.2,3.9122996740871008
78,DrQ-v2,reacher_hard,3,1560000,966.6,3.9634755175643503
79,DrQ-v2,reacher_hard,3,1580000,971.5,4.014205142656962
80,DrQ-v2,reacher_hard,3,1600000,975.1,4.065130855242411
81,DrQ-v2,reacher_hard,3,1620000,878.6,4.11613034427166
82,DrQ-v2,reacher_hard,3,1640000,968.4,4.166895800762707
83,DrQ-v2,reacher_hard,3,1660000,981.9,4.218114828401141
84,DrQ-v2,reacher_hard,3,1680000,961.8,4.269418951008055
85,DrQ-v2,reacher_hard,3,1700000,948.1,4.320594720509317
86,DrQ-v2,reacher_hard,3,1720000,872.1,4.371499780151579
87,DrQ-v2,reacher_hard,3,1740000,969.2,4.422385921544499
88,DrQ-v2,reacher_hard,3,1760000,965.4,4.473075362907515
89,DrQ-v2,reacher_hard,3,1780000,966.3,4.52416141960356
90,DrQ-v2,reacher_hard,3,1800000,874.8,4.575201476282544
91,DrQ-v2,reacher_hard,3,1820000,863.4,4.625995438165135
92,DrQ-v2,reacher_hard,3,1840000,967.6,4.677338923083411
93,DrQ-v2,reacher_hard,3,1860000,971.0,4.728330397473441
94,DrQ-v2,reacher_hard,3,1880000,973.0,4.779095559252633
95,DrQ-v2,reacher_hard,3,1900000,972.4,4.829961577256521
96,DrQ-v2,reacher_hard,3,1920000,962.9,4.880947070320447
97,DrQ-v2,reacher_hard,3,1940000,972.9,4.931856839193238
98,DrQ-v2,reacher_hard,3,1960000,967.0,4.982879653043217
99,DrQ-v2,reacher_hard,3,1980000,755.9,5.0337093098296055
100,DrQ-v2,reacher_hard,3,2000000,964.8,5.084849750730726
101,DrQ-v2,reacher_hard,3,2020000,969.7,5.135391440987588
102,DrQ-v2,reacher_hard,3,2040000,975.2,5.18642481274075
103,DrQ-v2,reacher_hard,3,2060000,968.2,5.237847384810448
104,DrQ-v2,reacher_hard,3,2080000,971.5,5.288662640253703
105,DrQ-v2,reacher_hard,3,2100000,972.9,5.339770510792733
106,DrQ-v2,reacher_hard,3,2120000,967.2,5.390599504245652
107,DrQ-v2,reacher_hard,3,2140000,872.9,5.441473627554045
108,DrQ-v2,reacher_hard,3,2160000,969.3,5.492325698667102
109,DrQ-v2,reacher_hard,3,2180000,974.3,5.5434261954493005
110,DrQ-v2,reacher_hard,3,2200000,965.9,5.594661551515261
111,DrQ-v2,reacher_hard,3,2220000,971.0,5.645514686306318
112,DrQ-v2,reacher_hard,3,2240000,965.1,5.696499311394163
113,DrQ-v2,reacher_hard,3,2260000,973.5,5.74788145588504
114,DrQ-v2,reacher_hard,3,2280000,968.2,5.7991728514432905
115,DrQ-v2,reacher_hard,3,2300000,968.4,5.850425114896562
116,DrQ-v2,reacher_hard,3,2320000,870.6,5.9017727814780345
117,DrQ-v2,reacher_hard,3,2340000,961.9,5.952752050426271
118,DrQ-v2,reacher_hard,3,2360000,970.2,6.004226703908708
119,DrQ-v2,reacher_hard,3,2380000,945.3,6.055274515350659
120,DrQ-v2,reacher_hard,3,2400000,973.4,6.10711683207088
121,DrQ-v2,reacher_hard,3,2420000,876.2,6.158725413150258
122,DrQ-v2,reacher_hard,3,2440000,980.4,6.209908104870055
123,DrQ-v2,reacher_hard,3,2460000,978.6,6.261532256139649
124,DrQ-v2,reacher_hard,3,2480000,967.5,6.313054324520959
125,DrQ-v2,reacher_hard,3,2500000,968.1,6.36454521437486
126,DrQ-v2,reacher_hard,3,2520000,971.8,6.415975176758236
127,DrQ-v2,reacher_hard,3,2540000,976.0,6.467574170629184
128,DrQ-v2,reacher_hard,3,2560000,973.2,6.519319708413548
129,DrQ-v2,reacher_hard,3,2580000,976.3,6.571037856274181
130,DrQ-v2,reacher_hard,3,2600000,905.7,6.622795107430881
131,DrQ-v2,reacher_hard,3,2620000,971.6,6.674332666926913
132,DrQ-v2,reacher_hard,3,2640000,972.7,6.726367231011391
133,DrQ-v2,reacher_hard,3,2660000,976.8,6.778078035182423
134,DrQ-v2,reacher_hard,3,2680000,972.6,6.829782091511621
135,DrQ-v2,reacher_hard,3,2700000,970.3,6.881624915599823
136,DrQ-v2,reacher_hard,3,2720000,972.0,6.933567630185022
137,DrQ-v2,reacher_hard,3,2740000,973.0,6.985020657115513
138,DrQ-v2,reacher_hard,3,2760000,871.5,7.03679228199853
139,DrQ-v2,reacher_hard,3,2780000,973.4,7.088378494977951
140,DrQ-v2,reacher_hard,3,2800000,972.4,7.139725731942389
141,DrQ-v2,reacher_hard,3,2820000,975.5,7.191425740387705
142,DrQ-v2,reacher_hard,3,2840000,974.2,7.242839248047934
143,DrQ-v2,reacher_hard,3,2860000,967.3,7.294370534552468
144,DrQ-v2,reacher_hard,3,2880000,973.5,7.345886082715459
145,DrQ-v2,reacher_hard,3,2900000,975.4,7.397619415322939
146,DrQ-v2,reacher_hard,3,2920000,972.9,7.449501471188333
147,DrQ-v2,reacher_hard,3,2940000,975.3,7.500946595668792
148,DrQ-v2,reacher_hard,3,2960000,967.5,7.551352266669273
149,DrQ-v2,reacher_hard,3,2980000,976.0,7.59583558248149
0,DrQ-v2,reacher_hard,4,0,34.3,1.7633040746053055e-06
1,DrQ-v2,reacher_hard,4,20000,0.4,0.052194181415769786
2,DrQ-v2,reacher_hard,4,40000,6.0,0.1128464553753535
3,DrQ-v2,reacher_hard,4,60000,2.0,0.17287117885218725
4,DrQ-v2,reacher_hard,4,80000,5.0,0.23255660984251234
5,DrQ-v2,reacher_hard,4,100000,114.4,0.29304333051045733
6,DrQ-v2,reacher_hard,4,120000,33.1,0.35362133973174625
7,DrQ-v2,reacher_hard,4,140000,198.5,0.41401480515797934
8,DrQ-v2,reacher_hard,4,160000,0.4,0.4748182017935647
9,DrQ-v2,reacher_hard,4,180000,385.4,0.5347869677676096
10,DrQ-v2,reacher_hard,4,200000,98.8,0.5948199659585953
11,DrQ-v2,reacher_hard,4,220000,303.1,0.6554684055513805
12,DrQ-v2,reacher_hard,4,240000,96.0,0.7153281405899259
13,DrQ-v2,reacher_hard,4,260000,192.4,0.7755645396312077
14,DrQ-v2,reacher_hard,4,280000,195.5,0.8357270710998111
15,DrQ-v2,reacher_hard,4,300000,96.4,0.8954644904534022
16,DrQ-v2,reacher_hard,4,320000,193.1,0.9558578465382258
17,DrQ-v2,reacher_hard,4,340000,93.3,1.0158836660782495
18,DrQ-v2,reacher_hard,4,360000,97.6,1.0759064059125052
19,DrQ-v2,reacher_hard,4,380000,94.3,1.1356003803014756
20,DrQ-v2,reacher_hard,4,400000,224.0,1.1956909214788014
21,DrQ-v2,reacher_hard,4,420000,286.3,1.2563689862357246
22,DrQ-v2,reacher_hard,4,440000,193.1,1.317069208489524
23,DrQ-v2,reacher_hard,4,460000,104.0,1.3771670150094562
24,DrQ-v2,reacher_hard,4,480000,99.5,1.4371649878554873
25,DrQ-v2,reacher_hard,4,500000,388.0,1.497079470290078
26,DrQ-v2,reacher_hard,4,520000,110.0,1.5566817885637283
27,DrQ-v2,reacher_hard,4,540000,512.8,1.61685308529271
28,DrQ-v2,reacher_hard,4,560000,217.2,1.6767308441135618
29,DrQ-v2,reacher_hard,4,580000,387.4,1.73609542813566
30,DrQ-v2,reacher_hard,4,600000,471.3,1.795517206589381
31,DrQ-v2,reacher_hard,4,620000,290.6,1.8544240256150564
32,DrQ-v2,reacher_hard,4,640000,360.6,1.91355382654402
33,DrQ-v2,reacher_hard,4,660000,537.9,1.9727824090586767
34,DrQ-v2,reacher_hard,4,680000,578.4,2.0317765782939063
35,DrQ-v2,reacher_hard,4,700000,382.9,2.0913504303163952
36,DrQ-v2,reacher_hard,4,720000,682.5,2.1498371580574247
37,DrQ-v2,reacher_hard,4,740000,483.5,2.2091381513410147
38,DrQ-v2,reacher_hard,4,760000,765.1,2.268148492839601
39,DrQ-v2,reacher_hard,4,780000,495.1,2.327388928665055
40,DrQ-v2,reacher_hard,4,800000,587.3,2.3868142592906954
41,DrQ-v2,reacher_hard,4,820000,288.2,2.445974710053868
42,DrQ-v2,reacher_hard,4,840000,589.1,2.504802568952242
43,DrQ-v2,reacher_hard,4,860000,404.8,2.5637059401803546
44,DrQ-v2,reacher_hard,4,880000,498.9,2.6230567151308053
45,DrQ-v2,reacher_hard,4,900000,578.3,2.683265266153548
46,DrQ-v2,reacher_hard,4,920000,291.2,2.743333454330762
47,DrQ-v2,reacher_hard,4,940000,386.2,2.802745193971528
48,DrQ-v2,reacher_hard,4,960000,685.4,2.862072989344597
49,DrQ-v2,reacher_hard,4,980000,801.1,2.9215531489584174
50,DrQ-v2,reacher_hard,4,1000000,683.1,2.9808852520253923
51,DrQ-v2,reacher_hard,4,1020000,481.7,3.039306105044153
52,DrQ-v2,reacher_hard,4,1040000,479.3,3.097613701025645
53,DrQ-v2,reacher_hard,4,1060000,580.5,3.15507722861237
54,DrQ-v2,reacher_hard,4,1080000,326.8,3.212817713419597
55,DrQ-v2,reacher_hard,4,1100000,779.2,3.2702060544490807
56,DrQ-v2,reacher_hard,4,1120000,496.7,3.3287490913603044
57,DrQ-v2,reacher_hard,4,1140000,899.8,3.3867638427019124
58,DrQ-v2,reacher_hard,4,1160000,765.3,3.4456064853403303
59,DrQ-v2,reacher_hard,4,1180000,789.4,3.50571469909615
60,DrQ-v2,reacher_hard,4,1200000,822.2,3.564326484600703
61,DrQ-v2,reacher_hard,4,1220000,728.7,3.623018359012074
62,DrQ-v2,reacher_hard,4,1240000,745.4,3.6828748788436254
63,DrQ-v2,reacher_hard,4,1260000,929.0,3.7421281602647563
64,DrQ-v2,reacher_hard,4,1280000,772.8,3.8017618140247134
65,DrQ-v2,reacher_hard,4,1300000,621.2,3.860141933891508
66,DrQ-v2,reacher_hard,4,1320000,774.9,3.919740431507429
67,DrQ-v2,reacher_hard,4,1340000,731.0,3.979082789023717
68,DrQ-v2,reacher_hard,4,1360000,670.0,4.038411222894987
69,DrQ-v2,reacher_hard,4,1380000,612.2,4.098106502691905
70,DrQ-v2,reacher_hard,4,1400000,865.5,4.157549358805021
71,DrQ-v2,reacher_hard,4,1420000,967.5,4.216651334166527
72,DrQ-v2,reacher_hard,4,1440000,876.5,4.275542662209935
73,DrQ-v2,reacher_hard,4,1460000,791.6,4.33555629213651
74,DrQ-v2,reacher_hard,4,1480000,974.6,4.39507443010807
75,DrQ-v2,reacher_hard,4,1500000,879.0,4.4549029609229835
76,DrQ-v2,reacher_hard,4,1520000,916.9,4.514612074693044
77,DrQ-v2,reacher_hard,4,1540000,877.5,4.573505049149196
78,DrQ-v2,reacher_hard,4,1560000,969.7,4.632526450488302
79,DrQ-v2,reacher_hard,4,1580000,970.2,4.69176148156325
80,DrQ-v2,reacher_hard,4,1600000,980.4,4.750992131696807
81,DrQ-v2,reacher_hard,4,1620000,877.6,4.81102611998717
82,DrQ-v2,reacher_hard,4,1640000,787.4,4.870724460085233
83,DrQ-v2,reacher_hard,4,1660000,873.5,4.930179428391987
84,DrQ-v2,reacher_hard,4,1680000,970.4,4.990370459755262
85,DrQ-v2,reacher_hard,4,1700000,894.9,5.049238027797805
86,DrQ-v2,reacher_hard,4,1720000,783.4,5.107654124299685
87,DrQ-v2,reacher_hard,4,1740000,773.4,5.165295390089353
88,DrQ-v2,reacher_hard,4,1760000,978.5,5.223518934779697
89,DrQ-v2,reacher_hard,4,1780000,782.5,5.282685740258959
90,DrQ-v2,reacher_hard,4,1800000,876.9,5.342718559238646
91,DrQ-v2,reacher_hard,4,1820000,967.3,5.402302460339334
92,DrQ-v2,reacher_hard,4,1840000,978.4,5.461643628676733
93,DrQ-v2,reacher_hard,4,1860000,776.7,5.521682034797139
94,DrQ-v2,reacher_hard,4,1880000,967.5,5.5812085758315195
95,DrQ-v2,reacher_hard,4,1900000,873.1,5.641066802740097
96,DrQ-v2,reacher_hard,4,1920000,970.5,5.701278849641481
97,DrQ-v2,reacher_hard,4,1940000,776.6,5.760644113885032
98,DrQ-v2,reacher_hard,4,1960000,676.5,5.8204353066947725
99,DrQ-v2,reacher_hard,4,1980000,974.4,5.879826867911551
100,DrQ-v2,reacher_hard,4,2000000,970.7,5.939813969201512
101,DrQ-v2,reacher_hard,4,2020000,966.9,5.999463355673684
102,DrQ-v2,reacher_hard,4,2040000,973.2,6.058158712387084
103,DrQ-v2,reacher_hard,4,2060000,879.6,6.1172155978944565
104,DrQ-v2,reacher_hard,4,2080000,972.3,6.176648369232813
105,DrQ-v2,reacher_hard,4,2100000,878.6,6.2363191135062115
106,DrQ-v2,reacher_hard,4,2120000,780.7,6.2951887248622045
107,DrQ-v2,reacher_hard,4,2140000,879.3,6.355165971782473
108,DrQ-v2,reacher_hard,4,2160000,973.9,6.415256830586327
109,DrQ-v2,reacher_hard,4,2180000,977.7,6.474418338206079
110,DrQ-v2,reacher_hard,4,2200000,968.1,6.533548899028037
111,DrQ-v2,reacher_hard,4,2220000,972.7,6.593003895017836
112,DrQ-v2,reacher_hard,4,2240000,970.3,6.652779274450408
113,DrQ-v2,reacher_hard,4,2260000,965.9,6.711272467705939
114,DrQ-v2,reacher_hard,4,2280000,890.3,6.76999168727133
115,DrQ-v2,reacher_hard,4,2300000,971.4,6.829480738110012
116,DrQ-v2,reacher_hard,4,2320000,973.0,6.887658069332439
117,DrQ-v2,reacher_hard,4,2340000,970.0,6.945689736737146
118,DrQ-v2,reacher_hard,4,2360000,968.2,7.005240385399924
119,DrQ-v2,reacher_hard,4,2380000,873.0,7.0645043209526275
120,DrQ-v2,reacher_hard,4,2400000,972.5,7.124067917466164
121,DrQ-v2,reacher_hard,4,2420000,867.2,7.184033191204071
122,DrQ-v2,reacher_hard,4,2440000,973.0,7.243436795738008
123,DrQ-v2,reacher_hard,4,2460000,870.9,7.3020991675059
124,DrQ-v2,reacher_hard,4,2480000,967.6,7.361136289570067
125,DrQ-v2,reacher_hard,4,2500000,873.7,7.4212617478105765
126,DrQ-v2,reacher_hard,4,2520000,870.3,7.481362124151655
127,DrQ-v2,reacher_hard,4,2540000,977.8,7.540731258061197
128,DrQ-v2,reacher_hard,4,2560000,975.9,7.599879207015037
129,DrQ-v2,reacher_hard,4,2580000,975.0,7.658927603695128
130,DrQ-v2,reacher_hard,4,2600000,969.2,7.718386347558763
131,DrQ-v2,reacher_hard,4,2620000,969.5,7.778063304556739
132,DrQ-v2,reacher_hard,4,2640000,973.1,7.837594769729508
133,DrQ-v2,reacher_hard,4,2660000,965.0,7.897034297453033
134,DrQ-v2,reacher_hard,4,2680000,970.4,7.956343024041917
135,DrQ-v2,reacher_hard,4,2700000,968.0,8.015198214848835
136,DrQ-v2,reacher_hard,4,2720000,974.6,8.074358224007817
137,DrQ-v2,reacher_hard,4,2740000,974.1,8.133654341830148
138,DrQ-v2,reacher_hard,4,2760000,971.2,8.192223159604602
139,DrQ-v2,reacher_hard,4,2780000,976.1,8.251241119835111
140,DrQ-v2,reacher_hard,4,2800000,974.2,8.310647623340289
141,DrQ-v2,reacher_hard,4,2820000,926.3,8.369502728647657
142,DrQ-v2,reacher_hard,4,2840000,976.4,8.429186392890083
143,DrQ-v2,reacher_hard,4,2860000,971.5,8.488579912119441
144,DrQ-v2,reacher_hard,4,2880000,972.5,8.548050987654262
145,DrQ-v2,reacher_hard,4,2900000,877.6,8.60694210562441
146,DrQ-v2,reacher_hard,4,2920000,968.1,8.665101266966925
147,DrQ-v2,reacher_hard,4,2940000,975.7,8.723446223537126
148,DrQ-v2,reacher_hard,4,2960000,976.7,8.78124600145552
149,DrQ-v2,reacher_hard,4,2980000,975.2,8.839253747728137
0,DrQ-v2,reacher_hard,5,0,0.0,1.66601604885525e-06
1,DrQ-v2,reacher_hard,5,20000,7.7,0.042933706707424586
2,DrQ-v2,reacher_hard,5,40000,1.2,0.09277059740490383
3,DrQ-v2,reacher_hard,5,60000,0.0,0.14247144838174183
4,DrQ-v2,reacher_hard,5,80000,84.9,0.19218237890137566
5,DrQ-v2,reacher_hard,5,100000,291.8,0.24178013702233633
6,DrQ-v2,reacher_hard,5,120000,11.3,0.29159397615326776
7,DrQ-v2,reacher_hard,5,140000,98.7,0.34102194600635105
8,DrQ-v2,reacher_hard,5,160000,288.0,0.3906163555383682
9,DrQ-v2,reacher_hard,5,180000,96.2,0.4403570975197686
10,DrQ-v2,reacher_hard,5,200000,100.1,0.49075506521595846
11,DrQ-v2,reacher_hard,5,220000,192.7,0.5411455906762018
12,DrQ-v2,reacher_hard,5,240000,501.1,0.5915674733453327
13,DrQ-v2,reacher_hard,5,260000,99.7,0.6417129879527622
14,DrQ-v2,reacher_hard,5,280000,316.7,0.6920579651329253
15,DrQ-v2,reacher_hard,5,300000,323.9,0.7438310794697868
16,DrQ-v2,reacher_hard,5,320000,299.7,0.795722457104259
17,DrQ-v2,reacher_hard,5,340000,3.2,0.8474168492688073
18,DrQ-v2,reacher_hard,5,360000,209.5,0.899242005083296
19,DrQ-v2,reacher_hard,5,380000,319.9,0.9509122600158055
20,DrQ-v2,reacher_hard,5,400000,309.2,1.002592161430253
21,DrQ-v2,reacher_hard,5,420000,329.8,1.0540990926159752
22,DrQ-v2,reacher_hard,5,440000,294.7,1.1056105874644384
23,DrQ-v2,reacher_hard,5,460000,393.8,1.1569747561216355
24,DrQ-v2,reacher_hard,5,480000,289.0,1.2084745432270898
25,DrQ-v2,reacher_hard,5,500000,388.0,1.259731223185857
26,DrQ-v2,reacher_hard,5,520000,569.4,1.3110157741440667
27,DrQ-v2,reacher_hard,5,540000,481.4,1.3621103497346243
28,DrQ-v2,reacher_hard,5,560000,529.2,1.413407745361328
29,DrQ-v2,reacher_hard,5,580000,489.5,1.4645830541186866
30,DrQ-v2,reacher_hard,5,600000,198.4,1.5159119366937213
31,DrQ-v2,reacher_hard,5,620000,675.8,1.5671196397807863
32,DrQ-v2,reacher_hard,5,640000,299.5,1.6184649504555597
33,DrQ-v2,reacher_hard,5,660000,291.8,1.6696606277094947
34,DrQ-v2,reacher_hard,5,680000,481.2,1.7207272462712393
35,DrQ-v2,reacher_hard,5,700000,583.2,1.7721870893239975
36,DrQ-v2,reacher_hard,5,720000,840.6,1.8233351455132167
37,DrQ-v2,reacher_hard,5,740000,412.2,1.874733169608646
38,DrQ-v2,reacher_hard,5,760000,768.9,1.9258763620588515
39,DrQ-v2,reacher_hard,5,780000,490.1,1.9770652370320425
40,DrQ-v2,reacher_hard,5,800000,436.9,2.028106795416938
41,DrQ-v2,reacher_hard,5,820000,724.9,2.079512231548627
42,DrQ-v2,reacher_hard,5,840000,585.7,2.1306961044338015
43,DrQ-v2,reacher_hard,5,860000,585.9,2.181768850684166
44,DrQ-v2,reacher_hard,5,880000,477.9,2.2327044322755603
45,DrQ-v2,reacher_hard,5,900000,395.9,2.283766663140721
46,DrQ-v2,reacher_hard,5,920000,385.5,2.3350645239485637
47,DrQ-v2,reacher_hard,5,940000,850.8,2.386340239246686
48,DrQ-v2,reacher_hard,5,960000,680.8,2.4376555096440846
49,DrQ-v2,reacher_hard,5,980000,679.4,2.4889273477925196
50,DrQ-v2,reacher_hard,5,1000000,777.8,2.540143117374844
51,DrQ-v2,reacher_hard,5,1020000,850.1,2.5915357680453193
52,DrQ-v2,reacher_hard,5,1040000,867.2,2.642558804154396
53,DrQ-v2,reacher_hard,5,1060000,770.1,2.693670821322335
54,DrQ-v2,reacher_hard,5,1080000,779.7,2.744888748327891
55,DrQ-v2,reacher_hard,5,1100000,771.2,2.7961904338333348
56,DrQ-v2,reacher_hard,5,1120000,967.6,2.847313114338451
57,DrQ-v2,reacher_hard,5,1140000,876.5,2.8987038387854893
58,DrQ-v2,reacher_hard,5,1160000,977.8,2.950182861155934
59,DrQ-v2,reacher_hard,5,1180000,967.9,3.0013504466745586
60,DrQ-v2,reacher_hard,5,1200000,876.4,3.0524845933914184
61,DrQ-v2,reacher_hard,5,1220000,774.4,3.1035258337524203
62,DrQ-v2,reacher_hard,5,1240000,870.0,3.154798260728518
63,DrQ-v2,reacher_hard,5,1260000,873.8,3.2061419839991467
64,DrQ-v2,reacher_hard,5,1280000,579.6,3.257354605595271
65,DrQ-v2,reacher_hard,5,1300000,877.8,3.3085733793179193
66,DrQ-v2,reacher_hard,5,1320000,875.3,3.359825569126341
67,DrQ-v2,reacher_hard,5,1340000,855.6,3.410959260397487
68,DrQ-v2,reacher_hard,5,1360000,973.8,3.462216085195541
69,DrQ-v2,reacher_hard,5,1380000,941.8,3.5135732156038286
70,DrQ-v2,reacher_hard,5,1400000,867.1,3.564921003381411
71,DrQ-v2,reacher_hard,5,1420000,968.4,3.615995629827181
72,DrQ-v2,reacher_hard,5,1440000,868.3,3.6672997864749695
73,DrQ-v2,reacher_hard,5,1460000,778.4,3.718540879355537
74,DrQ-v2,reacher_hard,5,1480000,875.7,3.7697764488061267
75,DrQ-v2,reacher_hard,5,1500000,888.2,3.8210550976461835
76,DrQ-v2,reacher_hard,5,1520000,863.3,3.8722030568122867
77,DrQ-v2,reacher_hard,5,1540000,969.5,3.9231520584556785
78,DrQ-v2,reacher_hard,5,1560000,871.9,3.974340508712662
79,DrQ-v2,reacher_hard,5,1580000,882.0,4.02551747865147
80,DrQ-v2,reacher_hard,5,1600000,771.8,4.076362876362271
81,DrQ-v2,reacher_hard,5,1620000,970.2,4.127561774849892
82,DrQ-v2,reacher_hard,5,1640000,967.9,4.178668956293
83,DrQ-v2,reacher_hard,5,1660000,968.6,4.229690438111623
84,DrQ-v2,reacher_hard,5,1680000,862.2,4.2809482422802185
85,DrQ-v2,reacher_hard,5,1700000,967.1,4.331869622535176
86,DrQ-v2,reacher_hard,5,1720000,872.5,4.383063321444723
87,DrQ-v2,reacher_hard,5,1740000,968.1,4.434111477997568
88,DrQ-v2,reacher_hard,5,1760000,963.0,4.48544457660781
89,DrQ-v2,reacher_hard,5,1780000,969.9,4.5371087149779
90,DrQ-v2,reacher_hard,5,1800000,879.4,4.588342724310027
91,DrQ-v2,reacher_hard,5,1820000,870.3,4.639359317620595
92,DrQ-v2,reacher_hard,5,1840000,973.2,4.690649650891622
93,DrQ-v2,reacher_hard,5,1860000,907.4,4.741851412322786
94,DrQ-v2,reacher_hard,5,1880000,968.3,4.793059456414647
95,DrQ-v2,reacher_hard,5,1900000,929.8,4.844145081241925
96,DrQ-v2,reacher_hard,5,1920000,971.6,4.895100339916017
97,DrQ-v2,reacher_hard,5,1940000,973.0,4.946335893538263
98,DrQ-v2,reacher_hard,5,1960000,968.5,4.997427067756653
99,DrQ-v2,reacher_hard,5,1980000,875.9,5.0486912920077645
100,DrQ-v2,reacher_hard,5,2000000,967.8,5.099802838232782
101,DrQ-v2,reacher_hard,5,2020000,942.2,5.151074158549309
102,DrQ-v2,reacher_hard,5,2040000,955.7,5.202364619639185
103,DrQ-v2,reacher_hard,5,2060000,879.7,5.253785527216063
104,DrQ-v2,reacher_hard,5,2080000,903.8,5.305347151358922
105,DrQ-v2,reacher_hard,5,2100000,978.4,5.356659627490574
106,DrQ-v2,reacher_hard,5,2120000,970.0,5.408124095797539
107,DrQ-v2,reacher_hard,5,2140000,971.9,5.459391067889003
108,DrQ-v2,reacher_hard,5,2160000,972.8,5.5105236607790005
109,DrQ-v2,reacher_hard,5,2180000,970.7,5.562054219510821
110,DrQ-v2,reacher_hard,5,2200000,966.9,5.6137892203198545
111,DrQ-v2,reacher_hard,5,2220000,971.9,5.665277816520797
112,DrQ-v2,reacher_hard,5,2240000,877.4,5.716855473121006
113,DrQ-v2,reacher_hard,5,2260000,978.3,5.768532225489617
114,DrQ-v2,reacher_hard,5,2280000,969.9,5.8201228935851
115,DrQ-v2,reacher_hard,5,2300000,979.9,5.871732669803833
116,DrQ-v2,reacher_hard,5,2320000,979.1,5.923365379373234
117,DrQ-v2,reacher_hard,5,2340000,967.8,5.974932635095384
118,DrQ-v2,reacher_hard,5,2360000,965.9,6.026236841811074
119,DrQ-v2,reacher_hard,5,2380000,971.2,6.077795482344097
120,DrQ-v2,reacher_hard,5,2400000,976.1,6.129314406911533
121,DrQ-v2,reacher_hard,5,2420000,972.4,6.180944256848759
122,DrQ-v2,reacher_hard,5,2440000,970.3,6.232651098304324
123,DrQ-v2,reacher_hard,5,2460000,971.1,6.284319397144848
124,DrQ-v2,reacher_hard,5,2480000,797.4,6.335888907644484
125,DrQ-v2,reacher_hard,5,2500000,976.8,6.387616050442059
126,DrQ-v2,reacher_hard,5,2520000,969.5,6.439055277307828
127,DrQ-v2,reacher_hard,5,2540000,974.0,6.4907223230600355
128,DrQ-v2,reacher_hard,5,2560000,963.3,6.54231742375427
129,DrQ-v2,reacher_hard,5,2580000,974.0,6.5940362492534845
130,DrQ-v2,reacher_hard,5,2600000,972.6,6.645789821479056
131,DrQ-v2,reacher_hard,5,2620000,971.6,6.69750041882197
132,DrQ-v2,reacher_hard,5,2640000,964.1,6.749311964909236
133,DrQ-v2,reacher_hard,5,2660000,881.5,6.801228563454415
134,DrQ-v2,reacher_hard,5,2680000,973.1,6.852927218145794
135,DrQ-v2,reacher_hard,5,2700000,974.8,6.904631256924735
136,DrQ-v2,reacher_hard,5,2720000,970.5,6.9561911453141105
137,DrQ-v2,reacher_hard,5,2740000,966.0,7.007972367140981
138,DrQ-v2,reacher_hard,5,2760000,971.0,7.059591648313734
139,DrQ-v2,reacher_hard,5,2780000,969.7,7.111505735185411
140,DrQ-v2,reacher_hard,5,2800000,970.3,7.163208835456106
141,DrQ-v2,reacher_hard,5,2820000,974.7,7.214976556102434
142,DrQ-v2,reacher_hard,5,2840000,976.0,7.266839996708764
143,DrQ-v2,reacher_hard,5,2860000,971.0,7.318474016918076
144,DrQ-v2,reacher_hard,5,2880000,970.2,7.370244698524475
145,DrQ-v2,reacher_hard,5,2900000,981.2,7.422036835551262
146,DrQ-v2,reacher_hard,5,2920000,972.3,7.473768029610316
147,DrQ-v2,reacher_hard,5,2940000,963.6,7.525346302986144
148,DrQ-v2,reacher_hard,5,2960000,968.4,7.57693821642134
149,DrQ-v2,reacher_hard,5,2980000,963.8,7.628552680346701
0,DrQ-v2,reacher_hard,6,0,14.7,1.859532462226e-06
1,DrQ-v2,reacher_hard,6,20000,24.1,0.042681560913721724
2,DrQ-v2,reacher_hard,6,40000,0.5,0.09260460416475932
3,DrQ-v2,reacher_hard,6,60000,0.1,0.14245949513382383
4,DrQ-v2,reacher_hard,6,80000,0.2,0.19204303556018407
5,DrQ-v2,reacher_hard,6,100000,0.7,0.24192428297466703
6,DrQ-v2,reacher_hard,6,120000,23.0,0.29192521962854595
7,DrQ-v2,reacher_hard,6,140000,0.6,0.3415648355748918
8,DrQ-v2,reacher_hard,6,160000,98.4,0.39121288239955904
9,DrQ-v2,reacher_hard,6,180000,51.5,0.44069219966729484
10,DrQ-v2,reacher_hard,6,200000,249.6,0.4910508839951621
11,DrQ-v2,reacher_hard,6,220000,114.5,0.5415325121747122
12,DrQ-v2,reacher_hard,6,240000,255.0,0.5922586638397639
13,DrQ-v2,reacher_hard,6,260000,206.8,0.6425473516517214
14,DrQ-v2,reacher_hard,6,280000,397.4,0.6931388105948766
15,DrQ-v2,reacher_hard,6,300000,182.9,0.7450487667984433
16,DrQ-v2,reacher_hard,6,320000,392.6,0.7968803298473358
17,DrQ-v2,reacher_hard,6,340000,370.2,0.8487127351098591
18,DrQ-v2,reacher_hard,6,360000,385.5,0.9005976673629549
19,DrQ-v2,reacher_hard,6,380000,409.7,0.9524235466453764
20,DrQ-v2,reacher_hard,6,400000,484.7,1.004174594084422
21,DrQ-v2,reacher_hard,6,420000,649.6,1.055733591781722
22,DrQ-v2,reacher_hard,6,440000,300.4,1.1072571276956134
23,DrQ-v2,reacher_hard,6,460000,681.9,1.1586378973722458
24,DrQ-v2,reacher_hard,6,480000,390.8,1.2100700747304494
25,DrQ-v2,reacher_hard,6,500000,544.0,1.2615736878580517
26,DrQ-v2,reacher_hard,6,520000,577.0,1.3129491460323335
27,DrQ-v2,reacher_hard,6,540000,632.4,1.3642442377408346
28,DrQ-v2,reacher_hard,6,560000,636.9,1.4155395626359515
29,DrQ-v2,reacher_hard,6,580000,393.1,1.4667378020948834
30,DrQ-v2,reacher_hard,6,600000,486.4,1.5181399484475453
31,DrQ-v2,reacher_hard,6,620000,552.7,1.5693568612469566
32,DrQ-v2,reacher_hard,6,640000,871.3,1.6206309795379639
33,DrQ-v2,reacher_hard,6,660000,785.1,1.6720067758692636
34,DrQ-v2,reacher_hard,6,680000,805.0,1.7231716285149257
35,DrQ-v2,reacher_hard,6,700000,584.1,1.7747706664270826
36,DrQ-v2,reacher_hard,6,720000,547.9,1.825889701048533
37,DrQ-v2,reacher_hard,6,740000,867.0,1.87717704753081
38,DrQ-v2,reacher_hard,6,760000,873.5,1.9285759188069238
39,DrQ-v2,reacher_hard,6,780000,721.0,1.9798963471915987
40,DrQ-v2,reacher_hard,6,800000,791.6,2.031072441074583
41,DrQ-v2,reacher_hard,6,820000,949.5,2.082490121523539
42,DrQ-v2,reacher_hard,6,840000,779.9,2.1337111588981417
43,DrQ-v2,reacher_hard,6,860000,876.9,2.1849216586351394
44,DrQ-v2,reacher_hard,6,880000,870.3,2.236330808069971
45,DrQ-v2,reacher_hard,6,900000,966.6,2.287592690653271
46,DrQ-v2,reacher_hard,6,920000,772.6,2.3386874932712978
47,DrQ-v2,reacher_hard,6,940000,972.5,2.3901488001479043
48,DrQ-v2,reacher_hard,6,960000,685.0,2.441501083307796
49,DrQ-v2,reacher_hard,6,980000,774.2,2.492691866954168
50,DrQ-v2,reacher_hard,6,1000000,852.8,2.5438475075032976
51,DrQ-v2,reacher_hard,6,1020000,899.2,2.594932281441159
52,DrQ-v2,reacher_hard,6,1040000,870.6,2.645970042215453
53,DrQ-v2,reacher_hard,6,1060000,860.2,2.697185928689109
54,DrQ-v2,reacher_hard,6,1080000,966.5,2.748512337207795
55,DrQ-v2,reacher_hard,6,1100000,970.5,2.7998314887947506
56,DrQ-v2,reacher_hard,6,1120000,928.8,2.8511687216493824
57,DrQ-v2,reacher_hard,6,1140000,970.0,2.9025804390509924
58,DrQ-v2,reacher_hard,6,1160000,822.0,2.9538558468553755
59,DrQ-v2,reacher_hard,6,1180000,971.3,3.0050010864602195
60,DrQ-v2,reacher_hard,6,1200000,972.4,3.0561374178197647
61,DrQ-v2,reacher_hard,6,1220000,976.1,3.1073948864804377
62,DrQ-v2,reacher_hard,6,1240000,875.5,3.1587579491403366
63,DrQ-v2,reacher_hard,6,1260000,875.7,3.210257622665829
64,DrQ-v2,reacher_hard,6,1280000,866.2,3.26155016971959
65,DrQ-v2,reacher_hard,6,1300000,968.6,3.3128167488839892
66,DrQ-v2,reacher_hard,6,1320000,968.3,3.364172104332182
67,DrQ-v2,reacher_hard,6,1340000,926.2,3.415386258231269
68,DrQ-v2,reacher_hard,6,1360000,872.8,3.4669373354646895
69,DrQ-v2,reacher_hard,6,1380000,955.4,3.518282985024982
70,DrQ-v2,reacher_hard,6,1400000,967.5,3.569608216550615
71,DrQ-v2,reacher_hard,6,1420000,957.4,3.6208426099353366
72,DrQ-v2,reacher_hard,6,1440000,877.5,3.672234725289875
73,DrQ-v2,reacher_hard,6,1460000,972.0,3.723552037941085
74,DrQ-v2,reacher_hard,6,1480000,976.3,3.7750757381651137
75,DrQ-v2,reacher_hard,6,1500000,945.0,3.8265083954731622
76,DrQ-v2,reacher_hard,6,1520000,865.1,3.877640877697203
77,DrQ-v2,reacher_hard,6,1540000,966.2,3.928874171773592
78,DrQ-v2,reacher_hard,6,1560000,967.7,3.979989898734622
79,DrQ-v2,reacher_hard,6,1580000,963.3,4.031144432226816
80,DrQ-v2,reacher_hard,6,1600000,874.8,4.082220091687309
81,DrQ-v2,reacher_hard,6,1620000,868.8,4.1333595391114555
82,DrQ-v2,reacher_hard,6,1640000,980.9,4.184493145744005
83,DrQ-v2,reacher_hard,6,1660000,979.8,4.235774616466628
84,DrQ-v2,reacher_hard,6,1680000,970.9,4.287104988296827
85,DrQ-v2,reacher_hard,6,1700000,971.8,4.338316101431847
86,DrQ-v2,reacher_hard,6,1720000,971.9,4.389574921859635
87,DrQ-v2,reacher_hard,6,1740000,972.3,4.440782975951831
88,DrQ-v2,reacher_hard,6,1760000,976.5,4.492122737831539
89,DrQ-v2,reacher_hard,6,1780000,964.8,4.543476124604544
90,DrQ-v2,reacher_hard,6,1800000,968.1,4.594815544287363
91,DrQ-v2,reacher_hard,6,1820000,933.0,4.646100169552697
92,DrQ-v2,reacher_hard,6,1840000,971.7,4.6974362714423075
93,DrQ-v2,reacher_hard,6,1860000,968.3,4.748736914131377
94,DrQ-v2,reacher_hard,6,1880000,974.8,4.800005408393012
95,DrQ-v2,reacher_hard,6,1900000,968.7,4.851154228846232
96,DrQ-v2,reacher_hard,6,1920000,972.7,4.902311303416888
97,DrQ-v2,reacher_hard,6,1940000,972.3,4.953527183466488
98,DrQ-v2,reacher_hard,6,1960000,970.0,5.004850818845961
99,DrQ-v2,reacher_hard,6,1980000,969.4,5.05629425432947
100,DrQ-v2,reacher_hard,6,2000000,977.9,5.1075655070940655
101,DrQ-v2,reacher_hard,6,2020000,968.1,5.158924277623495
102,DrQ-v2,reacher_hard,6,2040000,967.3,5.210220245255364
103,DrQ-v2,reacher_hard,6,2060000,966.3,5.261414407359229
104,DrQ-v2,reacher_hard,6,2080000,931.6,5.312839061684079
105,DrQ-v2,reacher_hard,6,2100000,966.1,5.364278915723166
106,DrQ-v2,reacher_hard,6,2120000,968.4,5.415754652884272
107,DrQ-v2,reacher_hard,6,2140000,969.4,5.467264946566688
108,DrQ-v2,reacher_hard,6,2160000,976.0,5.518653495841555
109,DrQ-v2,reacher_hard,6,2180000,972.9,5.570365345213148
110,DrQ-v2,reacher_hard,6,2200000,972.0,5.622052654888895
111,DrQ-v2,reacher_hard,6,2220000,971.3,5.673777274224493
112,DrQ-v2,reacher_hard,6,2240000,976.4,5.7254753501547695
113,DrQ-v2,reacher_hard,6,2260000,979.4,5.777105422086186
114,DrQ-v2,reacher_hard,6,2280000,960.5,5.828545767002636
115,DrQ-v2,reacher_hard,6,2300000,970.0,5.880227297941845
116,DrQ-v2,reacher_hard,6,2320000,976.0,5.931808882289463
117,DrQ-v2,reacher_hard,6,2340000,965.6,5.983545135789448
118,DrQ-v2,reacher_hard,6,2360000,977.1,6.035100726750162
119,DrQ-v2,reacher_hard,6,2380000,801.8,6.086850155591966
120,DrQ-v2,reacher_hard,6,2400000,978.0,6.138491499821344
121,DrQ-v2,reacher_hard,6,2420000,968.3,6.1902279370360915
122,DrQ-v2,reacher_hard,6,2440000,972.7,6.241902050309711
123,DrQ-v2,reacher_hard,6,2460000,966.6,6.293752335508665
124,DrQ-v2,reacher_hard,6,2480000,968.6,6.345321623418066
125,DrQ-v2,reacher_hard,6,2500000,974.4,6.396972551809417
126,DrQ-v2,reacher_hard,6,2520000,977.2,6.448592050936488
127,DrQ-v2,reacher_hard,6,2540000,973.3,6.5003105724520145
128,DrQ-v2,reacher_hard,6,2560000,970.8,6.551906490921974
129,DrQ-v2,reacher_hard,6,2580000,970.0,6.603575950264931
130,DrQ-v2,reacher_hard,6,2600000,972.4,6.6554065098365145
131,DrQ-v2,reacher_hard,6,2620000,976.5,6.707102494239807
132,DrQ-v2,reacher_hard,6,2640000,876.0,6.75886384414302
133,DrQ-v2,reacher_hard,6,2660000,971.1,6.810655364990234
134,DrQ-v2,reacher_hard,6,2680000,887.3,6.862524404724439
135,DrQ-v2,reacher_hard,6,2700000,974.8,6.914435454607011
136,DrQ-v2,reacher_hard,6,2720000,968.8,6.96630948179298
137,DrQ-v2,reacher_hard,6,2740000,975.6,7.017909508413739
138,DrQ-v2,reacher_hard,6,2760000,969.9,7.0696600518623995
139,DrQ-v2,reacher_hard,6,2780000,971.8,7.121613117323982
140,DrQ-v2,reacher_hard,6,2800000,976.1,7.173560141722361
141,DrQ-v2,reacher_hard,6,2820000,972.8,7.225396224988833
142,DrQ-v2,reacher_hard,6,2840000,966.1,7.277205189201567
143,DrQ-v2,reacher_hard,6,2860000,944.9,7.329022665421168
144,DrQ-v2,reacher_hard,6,2880000,970.4,7.380903865032725
145,DrQ-v2,reacher_hard,6,2900000,978.4,7.43275305794345
146,DrQ-v2,reacher_hard,6,2920000,974.6,7.484537452922927
147,DrQ-v2,reacher_hard,6,2940000,969.0,7.536373636590111
148,DrQ-v2,reacher_hard,6,2960000,976.9,7.588187554346192
149,DrQ-v2,reacher_hard,6,2980000,976.7,7.639861818618245
0,DrQ-v2,reacher_hard,7,0,7.5,1.6652213202582222e-06
1,DrQ-v2,reacher_hard,7,20000,2.9,0.04259719186358982
2,DrQ-v2,reacher_hard,7,40000,0.2,0.09243579533365037
3,DrQ-v2,reacher_hard,7,60000,4.8,0.14228866550657485
4,DrQ-v2,reacher_hard,7,80000,99.6,0.19233189231819578
5,DrQ-v2,reacher_hard,7,100000,2.5,0.24208064668708376
6,DrQ-v2,reacher_hard,7,120000,193.6,0.29189847144815656
7,DrQ-v2,reacher_hard,7,140000,78.6,0.3418305334117677
8,DrQ-v2,reacher_hard,7,160000,0.0,0.39173130214214325
9,DrQ-v2,reacher_hard,7,180000,1.2,0.44149823553032347
10,DrQ-v2,reacher_hard,7,200000,0.1,0.49138124114937254
11,DrQ-v2,reacher_hard,7,220000,95.0,0.5411514746480518
12,DrQ-v2,reacher_hard,7,240000,278.9,0.5910835211144553
13,DrQ-v2,reacher_hard,7,260000,96.5,0.6407722282409668
14,DrQ-v2,reacher_hard,7,280000,30.7,0.6909011987182829
15,DrQ-v2,reacher_hard,7,300000,0.5,0.7412766598330603
16,DrQ-v2,reacher_hard,7,320000,303.3,0.7913137855794695
17,DrQ-v2,reacher_hard,7,340000,95.4,0.841435866885715
18,DrQ-v2,reacher_hard,7,360000,168.8,0.8916393494606019
19,DrQ-v2,reacher_hard,7,380000,163.7,0.9418038154972924
20,DrQ-v2,reacher_hard,7,400000,180.3,0.9918057348993089
21,DrQ-v2,reacher_hard,7,420000,323.3,1.0419828906324176
22,DrQ-v2,reacher_hard,7,440000,330.5,1.0920056906673645
23,DrQ-v2,reacher_hard,7,460000,4.8,1.1423002748356925
24,DrQ-v2,reacher_hard,7,480000,335.6,1.1923459664980571
25,DrQ-v2,reacher_hard,7,500000,385.6,1.2424022085136837
26,DrQ-v2,reacher_hard,7,520000,209.0,1.2924904877609678
27,DrQ-v2,reacher_hard,7,540000,322.2,1.3425728709830178
28,DrQ-v2,reacher_hard,7,560000,561.2,1.3926281838946872
29,DrQ-v2,reacher_hard,7,580000,440.2,1.4429317943255107
30,DrQ-v2,reacher_hard,7,600000,496.9,1.4931017496188481
31,DrQ-v2,reacher_hard,7,620000,388.2,1.543448547522227
32,DrQ-v2,reacher_hard,7,640000,341.9,1.5935586743884615
33,DrQ-v2,reacher_hard,7,660000,384.8,1.6435160150792865
34,DrQ-v2,reacher_hard,7,680000,501.3,1.693861959973971
35,DrQ-v2,reacher_hard,7,700000,455.3,1.744160704811414
36,DrQ-v2,reacher_hard,7,720000,614.9,1.794595891435941
37,DrQ-v2,reacher_hard,7,740000,682.3,1.8448529459370506
38,DrQ-v2,reacher_hard,7,760000,483.3,1.8950132836898168
39,DrQ-v2,reacher_hard,7,780000,680.5,1.9453067912658055
40,DrQ-v2,reacher_hard,7,800000,538.6,1.9956319956647026
41,DrQ-v2,reacher_hard,7,820000,676.3,2.045974456999037
42,DrQ-v2,reacher_hard,7,840000,382.0,2.0963124632173114
43,DrQ-v2,reacher_hard,7,860000,575.1,2.1468246385123995
44,DrQ-v2,reacher_hard,7,880000,497.9,2.1969101671377818
45,DrQ-v2,reacher_hard,7,900000,668.0,2.247165629201465
46,DrQ-v2,reacher_hard,7,920000,683.7,2.2973141019211876
47,DrQ-v2,reacher_hard,7,940000,768.7,2.347280325293541
48,DrQ-v2,reacher_hard,7,960000,784.7,2.3974786966376835
49,DrQ-v2,reacher_hard,7,980000,493.9,2.447700727913115
50,DrQ-v2,reacher_hard,7,1000000,965.7,2.4978250686327614
51,DrQ-v2,reacher_hard,7,1020000,781.0,2.5478867065244253
52,DrQ-v2,reacher_hard,7,1040000,790.0,2.597943127155304
53,DrQ-v2,reacher_hard,7,1060000,571.8,2.6481852028767268
54,DrQ-v2,reacher_hard,7,1080000,345.8,2.6981093855036633
55,DrQ-v2,reacher_hard,7,1100000,684.3,2.7484769815868804
56,DrQ-v2,reacher_hard,7,1120000,874.1,2.7986694427331287
57,DrQ-v2,reacher_hard,7,1140000,790.0,2.8488287557495964
58,DrQ-v2,reacher_hard,7,1160000,761.0,2.8989726981189516
59,DrQ-v2,reacher_hard,7,1180000,697.0,2.949102219608095
60,DrQ-v2,reacher_hard,7,1200000,680.5,2.9992090511984295
61,DrQ-v2,reacher_hard,7,1220000,682.6,3.0491879112190667
62,DrQ-v2,reacher_hard,7,1240000,782.8,3.0990715674559275
63,DrQ-v2,reacher_hard,7,1260000,701.4,3.148932338423199
64,DrQ-v2,reacher_hard,7,1280000,868.5,3.1993455808030236
65,DrQ-v2,reacher_hard,7,1300000,567.3,3.2494664590888553
66,DrQ-v2,reacher_hard,7,1320000,670.1,3.2997322790490258
67,DrQ-v2,reacher_hard,7,1340000,775.2,3.350100055535634
68,DrQ-v2,reacher_hard,7,1360000,863.6,3.400351114206844
69,DrQ-v2,reacher_hard,7,1380000,678.8,3.4506631842586732
70,DrQ-v2,reacher_hard,7,1400000,810.8,3.500960499180688
71,DrQ-v2,reacher_hard,7,1420000,874.1,3.5512155499723224
72,DrQ-v2,reacher_hard,7,1440000,675.7,3.6015149133072955
73,DrQ-v2,reacher_hard,7,1460000,783.8,3.6517623516586086
74,DrQ-v2,reacher_hard,7,1480000,966.8,3.701844483415286
75,DrQ-v2,reacher_hard,7,1500000,970.1,3.7520804746945697
76,DrQ-v2,reacher_hard,7,1520000,680.6,3.802281973229514
77,DrQ-v2,reacher_hard,7,1540000,869.0,3.852406098180347
78,DrQ-v2,reacher_hard,7,1560000,783.1,3.902636447681321
79,DrQ-v2,reacher_hard,7,1580000,391.4,3.952916740907563
80,DrQ-v2,reacher_hard,7,1600000,678.0,4.0033930148681005
81,DrQ-v2,reacher_hard,7,1620000,778.0,4.05363992008898
82,DrQ-v2,reacher_hard,7,1640000,792.7,4.103894257346789
83,DrQ-v2,reacher_hard,7,1660000,669.8,4.154043246640099
84,DrQ-v2,reacher_hard,7,1680000,779.9,4.204236371649636
85,DrQ-v2,reacher_hard,7,1700000,876.6,4.254697181185087
86,DrQ-v2,reacher_hard,7,1720000,674.4,4.304833125207159
87,DrQ-v2,reacher_hard,7,1740000,875.9,4.354883116285007
88,DrQ-v2,reacher_hard,7,1760000,778.2,4.404966983132892
89,DrQ-v2,reacher_hard,7,1780000,778.9,4.4553157622946635
90,DrQ-v2,reacher_hard,7,1800000,783.3,4.505468017657598
91,DrQ-v2,reacher_hard,7,1820000,871.6,4.555893890460332
92,DrQ-v2,reacher_hard,7,1840000,873.4,4.606119817495346
93,DrQ-v2,reacher_hard,7,1860000,871.0,4.656288308170106
94,DrQ-v2,reacher_hard,7,1880000,873.9,4.706641541851892
95,DrQ-v2,reacher_hard,7,1900000,881.1,4.756922490000725
96,DrQ-v2,reacher_hard,7,1920000,634.3,4.807356997794575
97,DrQ-v2,reacher_hard,7,1940000,972.6,4.857361076672872
98,DrQ-v2,reacher_hard,7,1960000,783.3,4.907495457993614
99,DrQ-v2,reacher_hard,7,1980000,776.6,4.957813830441899
100,DrQ-v2,reacher_hard,7,2000000,964.7,5.007988409267533
101,DrQ-v2,reacher_hard,7,2020000,966.2,5.058177612490124
102,DrQ-v2,reacher_hard,7,2040000,969.6,5.10839460975594
103,DrQ-v2,reacher_hard,7,2060000,979.7,5.158664366669125
104,DrQ-v2,reacher_hard,7,2080000,970.4,5.208846815427145
105,DrQ-v2,reacher_hard,7,2100000,949.8,5.2590360880560345
106,DrQ-v2,reacher_hard,7,2120000,977.3,5.309138900240263
107,DrQ-v2,reacher_hard,7,2140000,963.4,5.35928600218561
108,DrQ-v2,reacher_hard,7,2160000,969.9,5.409360929926237
109,DrQ-v2,reacher_hard,7,2180000,973.5,5.459443616933291
110,DrQ-v2,reacher_hard,7,2200000,973.9,5.509756028254827
111,DrQ-v2,reacher_hard,7,2220000,967.7,5.56010732445452
112,DrQ-v2,reacher_hard,7,2240000,970.2,5.610461413926547
113,DrQ-v2,reacher_hard,7,2260000,938.6,5.660963430338436
114,DrQ-v2,reacher_hard,7,2280000,969.1,5.711332934498788
115,DrQ-v2,reacher_hard,7,2300000,970.4,5.761881427102619
116,DrQ-v2,reacher_hard,7,2320000,843.5,5.812236390709878
117,DrQ-v2,reacher_hard,7,2340000,969.6,5.862812650667297
118,DrQ-v2,reacher_hard,7,2360000,976.4,5.9133496316274
119,DrQ-v2,reacher_hard,7,2380000,833.2,5.963998215927018
120,DrQ-v2,reacher_hard,7,2400000,972.9,6.0146709544791115
121,DrQ-v2,reacher_hard,7,2420000,974.6,6.065302505758074
122,DrQ-v2,reacher_hard,7,2440000,969.6,6.116049014065001
123,DrQ-v2,reacher_hard,7,2460000,971.0,6.166843838559257
124,DrQ-v2,reacher_hard,7,2480000,971.7,6.217714247504869
125,DrQ-v2,reacher_hard,7,2500000,975.1,6.268644123938348
126,DrQ-v2,reacher_hard,7,2520000,879.2,6.3192590979735055
127,DrQ-v2,reacher_hard,7,2540000,970.9,6.369996800488896
128,DrQ-v2,reacher_hard,7,2560000,963.6,6.42084015958839
129,DrQ-v2,reacher_hard,7,2580000,972.9,6.471601852244801
130,DrQ-v2,reacher_hard,7,2600000,982.0,6.52250907752249
131,DrQ-v2,reacher_hard,7,2620000,973.7,6.573244905273119
132,DrQ-v2,reacher_hard,7,2640000,966.5,6.624049544731777
133,DrQ-v2,reacher_hard,7,2660000,971.2,6.675079321861267
134,DrQ-v2,reacher_hard,7,2680000,974.8,6.72600714345773
135,DrQ-v2,reacher_hard,7,2700000,980.9,6.776763786607318
136,DrQ-v2,reacher_hard,7,2720000,967.6,6.827646190126737
137,DrQ-v2,reacher_hard,7,2740000,977.2,6.8787263270881445
138,DrQ-v2,reacher_hard,7,2760000,877.2,6.929718682103688
139,DrQ-v2,reacher_hard,7,2780000,967.6,6.980393154157533
140,DrQ-v2,reacher_hard,7,2800000,873.6,7.031319538288646
141,DrQ-v2,reacher_hard,7,2820000,971.0,7.082091787060102
142,DrQ-v2,reacher_hard,7,2840000,978.7,7.132843945622444
143,DrQ-v2,reacher_hard,7,2860000,977.6,7.183604145579868
144,DrQ-v2,reacher_hard,7,2880000,873.2,7.234539310468568
145,DrQ-v2,reacher_hard,7,2900000,974.3,7.285421360135078
146,DrQ-v2,reacher_hard,7,2920000,974.2,7.336475869019825
147,DrQ-v2,reacher_hard,7,2940000,975.0,7.387299740844303
148,DrQ-v2,reacher_hard,7,2960000,963.6,7.438120551639133
149,DrQ-v2,reacher_hard,7,2980000,968.4,7.488978321750959
0,DrQ-v2,reacher_hard,8,0,0.0,1.6354852252536111e-06
1,DrQ-v2,reacher_hard,8,20000,11.1,0.051628310614162023
2,DrQ-v2,reacher_hard,8,40000,3.5,0.11094250943925645
3,DrQ-v2,reacher_hard,8,60000,0.6,0.16873304380310905
4,DrQ-v2,reacher_hard,8,80000,60.9,0.2278116065263748
5,DrQ-v2,reacher_hard,8,100000,296.8,0.2873688148789936
6,DrQ-v2,reacher_hard,8,120000,0.4,0.34483853035502965
7,DrQ-v2,reacher_hard,8,140000,0.9,0.40376995570129826
8,DrQ-v2,reacher_hard,8,160000,5.0,0.46294681575563223
9,DrQ-v2,reacher_hard,8,180000,0.7,0.52208214422067
10,DrQ-v2,reacher_hard,8,200000,0.1,0.5806399185127682
11,DrQ-v2,reacher_hard,8,220000,98.7,0.639633374147945
12,DrQ-v2,reacher_hard,8,240000,0.9,0.6980870057476891
13,DrQ-v2,reacher_hard,8,260000,97.0,0.7568490905231899
14,DrQ-v2,reacher_hard,8,280000,290.6,0.8148773137728373
15,DrQ-v2,reacher_hard,8,300000,4.3,0.8739892821841769
16,DrQ-v2,reacher_hard,8,320000,102.0,0.9315625497367647
17,DrQ-v2,reacher_hard,8,340000,373.5,0.9900280431244108
18,DrQ-v2,reacher_hard,8,360000,195.6,1.0493676529328029
19,DrQ-v2,reacher_hard,8,380000,96.6,1.1070795437362457
20,DrQ-v2,reacher_hard,8,400000,206.3,1.1660848077138264
21,DrQ-v2,reacher_hard,8,420000,193.7,1.2252777851952448
22,DrQ-v2,reacher_hard,8,440000,94.7,1.2838591487540139
23,DrQ-v2,reacher_hard,8,460000,189.1,1.3416259688138963
24,DrQ-v2,reacher_hard,8,480000,9.9,1.3991982342799505
25,DrQ-v2,reacher_hard,8,500000,194.2,1.4582364578379525
26,DrQ-v2,reacher_hard,8,520000,95.8,1.517385407951143
27,DrQ-v2,reacher_hard,8,540000,190.3,1.5757521366410785
28,DrQ-v2,reacher_hard,8,560000,394.2,1.6338337535328336
29,DrQ-v2,reacher_hard,8,580000,384.0,1.6924597502417034
30,DrQ-v2,reacher_hard,8,600000,384.8,1.7511533320612378
31,DrQ-v2,reacher_hard,8,620000,408.4,1.8097692379686567
32,DrQ-v2,reacher_hard,8,640000,461.2,1.8682064817349116
33,DrQ-v2,reacher_hard,8,660000,385.9,1.9272285282611847
34,DrQ-v2,reacher_hard,8,680000,580.6,1.986295399930742
35,DrQ-v2,reacher_hard,8,700000,197.1,2.0444920735226737
36,DrQ-v2,reacher_hard,8,720000,290.3,2.101961372892062
37,DrQ-v2,reacher_hard,8,740000,486.0,2.1612984846697914
38,DrQ-v2,reacher_hard,8,760000,651.9,2.220147811969121
39,DrQ-v2,reacher_hard,8,780000,411.8,2.2779023336701925
40,DrQ-v2,reacher_hard,8,800000,584.1,2.336680601305432
41,DrQ-v2,reacher_hard,8,820000,593.0,2.395240445468161
42,DrQ-v2,reacher_hard,8,840000,578.0,2.453919174340036
43,DrQ-v2,reacher_hard,8,860000,776.6,2.5118892809417512
44,DrQ-v2,reacher_hard,8,880000,675.1,2.570148718224631
45,DrQ-v2,reacher_hard,8,900000,728.5,2.6294529037343133
46,DrQ-v2,reacher_hard,8,920000,389.2,2.6883461226357355
47,DrQ-v2,reacher_hard,8,940000,679.2,2.745942951043447
48,DrQ-v2,reacher_hard,8,960000,678.0,2.804351289537218
49,DrQ-v2,reacher_hard,8,980000,539.3,2.8635124787357125
50,DrQ-v2,reacher_hard,8,1000000,527.8,2.9226807290977903
51,DrQ-v2,reacher_hard,8,1020000,486.7,2.98102185163233
52,DrQ-v2,reacher_hard,8,1040000,682.0,3.0397466382715432
53,DrQ-v2,reacher_hard,8,1060000,686.7,3.0985838167534934
54,DrQ-v2,reacher_hard,8,1080000,772.5,3.1566657584905626
55,DrQ-v2,reacher_hard,8,1100000,776.3,3.2152906742360856
56,DrQ-v2,reacher_hard,8,1120000,774.5,3.2742094322045645
57,DrQ-v2,reacher_hard,8,1140000,780.0,3.3330183018578423
58,DrQ-v2,reacher_hard,8,1160000,877.2,3.3914360185464223
59,DrQ-v2,reacher_hard,8,1180000,597.0,3.4501259583234787
60,DrQ-v2,reacher_hard,8,1200000,876.8,3.508956466913223
61,DrQ-v2,reacher_hard,8,1220000,777.8,3.5678495737579135
62,DrQ-v2,reacher_hard,8,1240000,778.0,3.6266677026616203
63,DrQ-v2,reacher_hard,8,1260000,796.8,3.6851976368162367
64,DrQ-v2,reacher_hard,8,1280000,777.5,3.7438179768456354
65,DrQ-v2,reacher_hard,8,1300000,680.2,3.8030137434270648
66,DrQ-v2,reacher_hard,8,1320000,691.8,3.860494960281584
67,DrQ-v2,reacher_hard,8,1340000,817.6,3.9196588045358656
68,DrQ-v2,reacher_hard,8,1360000,969.6,3.9786400597625313
69,DrQ-v2,reacher_hard,8,1380000,974.4,4.037016373475392
70,DrQ-v2,reacher_hard,8,1400000,871.0,4.096021883818838
71,DrQ-v2,reacher_hard,8,1420000,806.1,4.1547698636187445
72,DrQ-v2,reacher_hard,8,1440000,956.0,4.21259621295664
73,DrQ-v2,reacher_hard,8,1460000,842.5,4.271333861615923
74,DrQ-v2,reacher_hard,8,1480000,871.4,4.330449807312753
75,DrQ-v2,reacher_hard,8,1500000,851.8,4.388596331079801
76,DrQ-v2,reacher_hard,8,1520000,877.5,4.447529789739185
77,DrQ-v2,reacher_hard,8,1540000,968.7,4.506461084286372
78,DrQ-v2,reacher_hard,8,1560000,878.2,4.565185813970036
79,DrQ-v2,reacher_hard,8,1580000,965.3,4.623617541790009
80,DrQ-v2,reacher_hard,8,1600000,975.8,4.681609660387039
81,DrQ-v2,reacher_hard,8,1620000,784.0,4.7408937802579665
82,DrQ-v2,reacher_hard,8,1640000,967.2,4.799725948969523
83,DrQ-v2,reacher_hard,8,1660000,681.5,4.858712157143487
84,DrQ-v2,reacher_hard,8,1680000,971.3,4.916955245733261
85,DrQ-v2,reacher_hard,8,1700000,975.1,4.97562210381031
86,DrQ-v2,reacher_hard,8,1720000,936.5,5.034546349114842
87,DrQ-v2,reacher_hard,8,1740000,912.0,5.093829952279727
88,DrQ-v2,reacher_hard,8,1760000,971.2,5.151778967446751
89,DrQ-v2,reacher_hard,8,1780000,787.1,5.210110698408551
90,DrQ-v2,reacher_hard,8,1800000,971.1,5.269173223177592
91,DrQ-v2,reacher_hard,8,1820000,881.4,5.327448950078752
92,DrQ-v2,reacher_hard,8,1840000,798.8,5.386098572678036
93,DrQ-v2,reacher_hard,8,1860000,973.8,5.444019540349643
94,DrQ-v2,reacher_hard,8,1880000,831.1,5.5029370710584855
95,DrQ-v2,reacher_hard,8,1900000,870.3,5.561340031094022
96,DrQ-v2,reacher_hard,8,1920000,927.1,5.619913208087286
97,DrQ-v2,reacher_hard,8,1940000,870.0,5.678647713197602
98,DrQ-v2,reacher_hard,8,1960000,876.3,5.7367693154679404
99,DrQ-v2,reacher_hard,8,1980000,880.5,5.7954162285063004
100,DrQ-v2,reacher_hard,8,2000000,973.4,5.853695357640584
101,DrQ-v2,reacher_hard,8,2020000,878.8,5.911963498195012
102,DrQ-v2,reacher_hard,8,2040000,882.8,5.9709224790334705
103,DrQ-v2,reacher_hard,8,2060000,967.5,6.029297451178233
104,DrQ-v2,reacher_hard,8,2080000,874.8,6.0870938549439115
105,DrQ-v2,reacher_hard,8,2100000,973.9,6.14580374399821
106,DrQ-v2,reacher_hard,8,2120000,971.3,6.204758532444636
107,DrQ-v2,reacher_hard,8,2140000,873.7,6.263495397965113
108,DrQ-v2,reacher_hard,8,2160000,969.4,6.322524988452593
109,DrQ-v2,reacher_hard,8,2180000,968.3,6.381232487956683
110,DrQ-v2,reacher_hard,8,2200000,974.3,6.43941535929839
111,DrQ-v2,reacher_hard,8,2220000,970.8,6.498224975268047
112,DrQ-v2,reacher_hard,8,2240000,845.5,6.5567010570896995
113,DrQ-v2,reacher_hard,8,2260000,972.5,6.615154445502492
114,DrQ-v2,reacher_hard,8,2280000,972.0,6.6736738765902
115,DrQ-v2,reacher_hard,8,2300000,967.1,6.732797275980314
116,DrQ-v2,reacher_hard,8,2320000,972.8,6.790463196966384
117,DrQ-v2,reacher_hard,8,2340000,975.7,6.849166093866031
118,DrQ-v2,reacher_hard,8,2360000,964.4,6.907277492682139
119,DrQ-v2,reacher_hard,8,2380000,972.4,6.966329537563855
120,DrQ-v2,reacher_hard,8,2400000,971.8,7.025754867858357
121,DrQ-v2,reacher_hard,8,2420000,873.3,7.08385307153066
122,DrQ-v2,reacher_hard,8,2440000,976.3,7.1417673412296505
123,DrQ-v2,reacher_hard,8,2460000,970.3,7.200641449027591
124,DrQ-v2,reacher_hard,8,2480000,974.8,7.259492538306448
125,DrQ-v2,reacher_hard,8,2500000,970.4,7.318064785003662
126,DrQ-v2,reacher_hard,8,2520000,873.1,7.3755867216322155
127,DrQ-v2,reacher_hard,8,2540000,968.9,7.43435111840566
128,DrQ-v2,reacher_hard,8,2560000,971.4,7.493174055814743
129,DrQ-v2,reacher_hard,8,2580000,974.0,7.551757529775303
130,DrQ-v2,reacher_hard,8,2600000,972.8,7.610435923139255
131,DrQ-v2,reacher_hard,8,2620000,971.9,7.668717665274938
132,DrQ-v2,reacher_hard,8,2640000,973.9,7.727625360422664
133,DrQ-v2,reacher_hard,8,2660000,891.9,7.78602884835667
134,DrQ-v2,reacher_hard,8,2680000,967.6,7.844321298334334
135,DrQ-v2,reacher_hard,8,2700000,974.7,7.9031590667035845
136,DrQ-v2,reacher_hard,8,2720000,974.2,7.9616451798545
137,DrQ-v2,reacher_hard,8,2740000,877.3,8.019931841426425
138,DrQ-v2,reacher_hard,8,2760000,969.1,8.078980208436649
139,DrQ-v2,reacher_hard,8,2780000,971.0,8.137713771793578
140,DrQ-v2,reacher_hard,8,2800000,977.1,8.195376737647587
141,DrQ-v2,reacher_hard,8,2820000,970.5,8.254443078835806
142,DrQ-v2,reacher_hard,8,2840000,971.4,8.313053097526234
143,DrQ-v2,reacher_hard,8,2860000,972.4,8.371163697905011
144,DrQ-v2,reacher_hard,8,2880000,974.5,8.429767092400127
145,DrQ-v2,reacher_hard,8,2900000,972.7,8.488971684442625
146,DrQ-v2,reacher_hard,8,2920000,972.1,8.547663475407495
147,DrQ-v2,reacher_hard,8,2940000,968.5,8.606788098083602
148,DrQ-v2,reacher_hard,8,2960000,976.2,8.664818103313447
149,DrQ-v2,reacher_hard,8,2980000,972.1,8.722867255608241
0,DrQ-v2,reacher_hard,9,0,0.0,1.7426411310831666e-06
1,DrQ-v2,reacher_hard,9,20000,3.1,0.05008371445867751
2,DrQ-v2,reacher_hard,9,40000,0.0,0.10708400600486331
3,DrQ-v2,reacher_hard,9,60000,0.1,0.16426327758365208
4,DrQ-v2,reacher_hard,9,80000,185.5,0.2211479651927948
5,DrQ-v2,reacher_hard,9,100000,1.3,0.2773333116372427
6,DrQ-v2,reacher_hard,9,120000,19.2,0.33395018974939983
7,DrQ-v2,reacher_hard,9,140000,107.7,0.39139279623826345
8,DrQ-v2,reacher_hard,9,160000,3.8,0.44831796420945064
9,DrQ-v2,reacher_hard,9,180000,115.2,0.5049340627590815
10,DrQ-v2,reacher_hard,9,200000,1.3,0.5619317218330171
11,DrQ-v2,reacher_hard,9,220000,178.3,0.6191439815362294
12,DrQ-v2,reacher_hard,9,240000,2.8,0.6760337522294786
13,DrQ-v2,reacher_hard,9,260000,380.7,0.7340420695145925
14,DrQ-v2,reacher_hard,9,280000,154.0,0.7907489628924264
15,DrQ-v2,reacher_hard,9,300000,225.4,0.8459850004646513
16,DrQ-v2,reacher_hard,9,320000,99.0,0.9036543508370717
17,DrQ-v2,reacher_hard,9,340000,294.1,0.960592971973949
18,DrQ-v2,reacher_hard,9,360000,98.9,1.0168193300565085
19,DrQ-v2,reacher_hard,9,380000,280.2,1.0746385512749355
20,DrQ-v2,reacher_hard,9,400000,122.1,1.1319942553175821
21,DrQ-v2,reacher_hard,9,420000,197.6,1.1884612596697277
22,DrQ-v2,reacher_hard,9,440000,328.9,1.2455555123090745
23,DrQ-v2,reacher_hard,9,460000,468.7,1.3017503781451119
24,DrQ-v2,reacher_hard,9,480000,322.5,1.3587533485227161
25,DrQ-v2,reacher_hard,9,500000,291.2,1.4156548125214048
26,DrQ-v2,reacher_hard,9,520000,287.2,1.4727511723836264
27,DrQ-v2,reacher_hard,9,540000,313.7,1.5294860821962357
28,DrQ-v2,reacher_hard,9,560000,0.4,1.5870101081000434
29,DrQ-v2,reacher_hard,9,580000,252.3,1.6436773700184293
30,DrQ-v2,reacher_hard,9,600000,493.4,1.7000782559977636
31,DrQ-v2,reacher_hard,9,620000,387.8,1.7574405376116435
32,DrQ-v2,reacher_hard,9,640000,473.1,1.814768911268976
33,DrQ-v2,reacher_hard,9,660000,269.6,1.8704904814561207
34,DrQ-v2,reacher_hard,9,680000,442.6,1.9267186968194114
35,DrQ-v2,reacher_hard,9,700000,146.2,1.983390717903773
36,DrQ-v2,reacher_hard,9,720000,486.2,2.0388751290904152
37,DrQ-v2,reacher_hard,9,740000,378.0,2.0945959799819525
38,DrQ-v2,reacher_hard,9,760000,121.7,2.151894879076216
39,DrQ-v2,reacher_hard,9,780000,872.1,2.207302457359102
40,DrQ-v2,reacher_hard,9,800000,678.7,2.2634925482670467
41,DrQ-v2,reacher_hard,9,820000,663.6,2.3208398809697894
42,DrQ-v2,reacher_hard,9,840000,671.0,2.376998337507248
43,DrQ-v2,reacher_hard,9,860000,592.0,2.433429078857104
44,DrQ-v2,reacher_hard,9,880000,612.6,2.4910258268647723
45,DrQ-v2,reacher_hard,9,900000,583.1,2.547343254751629
46,DrQ-v2,reacher_hard,9,920000,579.6,2.6026527843872707
47,DrQ-v2,reacher_hard,9,940000,777.8,2.6597203571928874
48,DrQ-v2,reacher_hard,9,960000,579.5,2.7159671384096145
49,DrQ-v2,reacher_hard,9,980000,497.0,2.7728261759546067
50,DrQ-v2,reacher_hard,9,1000000,770.8,2.82976876437664
51,DrQ-v2,reacher_hard,9,1020000,687.0,2.886009539100859
52,DrQ-v2,reacher_hard,9,1040000,875.2,2.9422137503491514
53,DrQ-v2,reacher_hard,9,1060000,678.1,2.998711445861392
54,DrQ-v2,reacher_hard,9,1080000,945.3,3.055486852327982
55,DrQ-v2,reacher_hard,9,1100000,961.0,3.111900211771329
56,DrQ-v2,reacher_hard,9,1120000,668.1,3.1674382990598677
57,DrQ-v2,reacher_hard,9,1140000,684.0,3.2246166446473863
58,DrQ-v2,reacher_hard,9,1160000,778.4,3.2807475411891933
59,DrQ-v2,reacher_hard,9,1180000,966.4,3.3373368084430695
60,DrQ-v2,reacher_hard,9,1200000,778.8,3.394451859527164
61,DrQ-v2,reacher_hard,9,1220000,948.6,3.4509278686179057
62,DrQ-v2,reacher_hard,9,1240000,971.9,3.5063860534959366
63,DrQ-v2,reacher_hard,9,1260000,832.9,3.5629842550224726
64,DrQ-v2,reacher_hard,9,1280000,968.2,3.619328224460284
65,DrQ-v2,reacher_hard,9,1300000,774.3,3.6763019512097044
66,DrQ-v2,reacher_hard,9,1320000,968.4,3.731092757913801
67,DrQ-v2,reacher_hard,9,1340000,967.9,3.7869970067342122
68,DrQ-v2,reacher_hard,9,1360000,881.8,3.8429458012845776
69,DrQ-v2,reacher_hard,9,1380000,972.5,3.8985839862293665
70,DrQ-v2,reacher_hard,9,1400000,974.8,3.9549697315030627
71,DrQ-v2,reacher_hard,9,1420000,964.9,4.0110301821761665
72,DrQ-v2,reacher_hard,9,1440000,873.5,4.0671957927942275
73,DrQ-v2,reacher_hard,9,1460000,867.1,4.123852100703451
74,DrQ-v2,reacher_hard,9,1480000,872.5,4.179748402370347
75,DrQ-v2,reacher_hard,9,1500000,971.7,4.23684163166417
76,DrQ-v2,reacher_hard,9,1520000,967.8,4.292908934089872
77,DrQ-v2,reacher_hard,9,1540000,969.5,4.349659328593147
78,DrQ-v2,reacher_hard,9,1560000,963.2,4.405662673248185
79,DrQ-v2,reacher_hard,9,1580000,967.7,4.462282980283101
80,DrQ-v2,reacher_hard,9,1600000,973.4,4.518632988201247
81,DrQ-v2,reacher_hard,9,1620000,967.8,4.575085511075126
82,DrQ-v2,reacher_hard,9,1640000,964.1,4.631371377375391
83,DrQ-v2,reacher_hard,9,1660000,972.8,4.687185929616292
84,DrQ-v2,reacher_hard,9,1680000,971.9,4.742914703753259
85,DrQ-v2,reacher_hard,9,1700000,976.3,4.799101448390219
86,DrQ-v2,reacher_hard,9,1720000,966.7,4.856167841222551
87,DrQ-v2,reacher_hard,9,1740000,965.7,4.9123265340593125
88,DrQ-v2,reacher_hard,9,1760000,964.2,4.968181308375464
89,DrQ-v2,reacher_hard,9,1780000,971.1,5.024169397221671
90,DrQ-v2,reacher_hard,9,1800000,974.2,5.0811782226959865
91,DrQ-v2,reacher_hard,9,1820000,970.5,5.1380149906211425
92,DrQ-v2,reacher_hard,9,1840000,970.6,5.192550295127763
93,DrQ-v2,reacher_hard,9,1860000,979.6,5.248355633815129
94,DrQ-v2,reacher_hard,9,1880000,961.4,5.305157913168271
95,DrQ-v2,reacher_hard,9,1900000,978.9,5.361905023786757
96,DrQ-v2,reacher_hard,9,1920000,976.8,5.418244986004299
97,DrQ-v2,reacher_hard,9,1940000,974.6,5.475710715320375
98,DrQ-v2,reacher_hard,9,1960000,969.4,5.531939476794666
99,DrQ-v2,reacher_hard,9,1980000,971.6,5.588394898639785
100,DrQ-v2,reacher_hard,9,2000000,974.5,5.645112721456422
101,DrQ-v2,reacher_hard,9,2020000,964.0,5.701798117889299
102,DrQ-v2,reacher_hard,9,2040000,970.8,5.756871914929814
103,DrQ-v2,reacher_hard,9,2060000,968.0,5.814036764105161
104,DrQ-v2,reacher_hard,9,2080000,973.6,5.871362728211615
105,DrQ-v2,reacher_hard,9,2100000,967.8,5.9269420115153
106,DrQ-v2,reacher_hard,9,2120000,872.4,5.982953558762869
107,DrQ-v2,reacher_hard,9,2140000,964.2,6.039583496716287
108,DrQ-v2,reacher_hard,9,2160000,877.1,6.096493824985291
109,DrQ-v2,reacher_hard,9,2180000,871.3,6.152006634871166
110,DrQ-v2,reacher_hard,9,2200000,869.4,6.2081260801023905
111,DrQ-v2,reacher_hard,9,2220000,972.1,6.264781333605447
112,DrQ-v2,reacher_hard,9,2240000,977.4,6.320823476513227
113,DrQ-v2,reacher_hard,9,2260000,973.4,6.377696847584512
114,DrQ-v2,reacher_hard,9,2280000,970.7,6.4334080600076256
115,DrQ-v2,reacher_hard,9,2300000,974.9,6.4904118313392
116,DrQ-v2,reacher_hard,9,2320000,970.1,6.546972543199857
117,DrQ-v2,reacher_hard,9,2340000,965.8,6.6035706532001495
118,DrQ-v2,reacher_hard,9,2360000,976.7,6.6598653966850705
119,DrQ-v2,reacher_hard,9,2380000,971.3,6.715008926457829
120,DrQ-v2,reacher_hard,9,2400000,915.6,6.7718259829945024
121,DrQ-v2,reacher_hard,9,2420000,968.4,6.828653383188778
122,DrQ-v2,reacher_hard,9,2440000,966.5,6.885499818060133
123,DrQ-v2,reacher_hard,9,2460000,877.6,6.941006679402458
124,DrQ-v2,reacher_hard,9,2480000,976.3,6.997588328123093
125,DrQ-v2,reacher_hard,9,2500000,973.1,7.053864427672492
126,DrQ-v2,reacher_hard,9,2520000,976.6,7.110303990708458
127,DrQ-v2,reacher_hard,9,2540000,829.3,7.167532647185856
128,DrQ-v2,reacher_hard,9,2560000,974.2,7.223771250314183
129,DrQ-v2,reacher_hard,9,2580000,976.9,7.2785509275065525
130,DrQ-v2,reacher_hard,9,2600000,976.6,7.33475805428293
131,DrQ-v2,reacher_hard,9,2620000,880.3,7.391482961442735
132,DrQ-v2,reacher_hard,9,2640000,970.8,7.447967272798222
133,DrQ-v2,reacher_hard,9,2660000,976.1,7.504136365453403
134,DrQ-v2,reacher_hard,9,2680000,975.0,7.560045665237639
135,DrQ-v2,reacher_hard,9,2700000,971.2,7.617201598087947
136,DrQ-v2,reacher_hard,9,2720000,968.4,7.673444559971491
137,DrQ-v2,reacher_hard,9,2740000,966.6,7.729872275657124
138,DrQ-v2,reacher_hard,9,2760000,965.4,7.7856171155638165
139,DrQ-v2,reacher_hard,9,2780000,967.5,7.84151509463787
140,DrQ-v2,reacher_hard,9,2800000,975.0,7.897018372151587
141,DrQ-v2,reacher_hard,9,2820000,977.2,7.953532563050589
142,DrQ-v2,reacher_hard,9,2840000,967.1,8.009029638038742
143,DrQ-v2,reacher_hard,9,2860000,966.6,8.063559147450658
144,DrQ-v2,reacher_hard,9,2880000,970.3,8.120327568584017
145,DrQ-v2,reacher_hard,9,2900000,980.8,8.176062862012122
146,DrQ-v2,reacher_hard,9,2920000,969.4,8.228763076199424
147,DrQ-v2,reacher_hard,9,2940000,973.4,8.281425832311312
148,DrQ-v2,reacher_hard,9,2960000,966.5,8.33440635720889
149,DrQ-v2,reacher_hard,9,2980000,973.4,8.387663982643023
0,DrQ-v2,reacher_hard,10,0,5.8,1.7440319061279167e-06
1,DrQ-v2,reacher_hard,10,20000,48.8,0.09527269562085469
2,DrQ-v2,reacher_hard,10,40000,0.2,0.2083068985409207
3,DrQ-v2,reacher_hard,10,60000,108.7,0.3213056945800781
4,DrQ-v2,reacher_hard,10,80000,1.4,0.43431069963508184
5,DrQ-v2,reacher_hard,10,100000,1.1,0.5471642407443789
6,DrQ-v2,reacher_hard,10,120000,38.2,0.6601907195647557
7,DrQ-v2,reacher_hard,10,140000,1.2,0.7731138002872467
8,DrQ-v2,reacher_hard,10,160000,1.1,0.8860919180181291
9,DrQ-v2,reacher_hard,10,180000,9.6,0.9991057980722852
10,DrQ-v2,reacher_hard,10,200000,197.7,1.112075805399153
11,DrQ-v2,reacher_hard,10,220000,6.2,1.2249987030029297
12,DrQ-v2,reacher_hard,10,240000,3.0,1.3379273968935013
13,DrQ-v2,reacher_hard,10,260000,5.8,1.450680008398162
14,DrQ-v2,reacher_hard,10,280000,98.7,1.5635560025109185
15,DrQ-v2,reacher_hard,10,300000,73.1,1.6763293844461442
16,DrQ-v2,reacher_hard,10,320000,92.3,1.789253429836697
17,DrQ-v2,reacher_hard,10,340000,100.1,1.9021529850032595
18,DrQ-v2,reacher_hard,10,360000,190.0,2.01517792807685
19,DrQ-v2,reacher_hard,10,380000,0.8,2.1281099790996976
20,DrQ-v2,reacher_hard,10,400000,196.4,2.2410488480991786
21,DrQ-v2,reacher_hard,10,420000,31.7,2.353928741878933
22,DrQ-v2,reacher_hard,10,440000,96.6,2.466798444191615
23,DrQ-v2,reacher_hard,10,460000,83.0,2.5795635871092477
24,DrQ-v2,reacher_hard,10,480000,278.7,2.692430020040936
25,DrQ-v2,reacher_hard,10,500000,138.3,2.8053506166405144
26,DrQ-v2,reacher_hard,10,520000,375.8,2.9182978338665433
27,DrQ-v2,reacher_hard,10,540000,184.5,3.031151609487004
28,DrQ-v2,reacher_hard,10,560000,284.0,3.144175462524096
29,DrQ-v2,reacher_hard,10,580000,325.5,3.256937739584181
30,DrQ-v2,reacher_hard,10,600000,47.4,3.369819106724527
31,DrQ-v2,reacher_hard,10,620000,391.3,3.4828231247266133
32,DrQ-v2,reacher_hard,10,640000,199.4,3.5957958538002437
33,DrQ-v2,reacher_hard,10,660000,37.0,3.708755756351683
34,DrQ-v2,reacher_hard,10,680000,103.3,3.8216174191898764
35,DrQ-v2,reacher_hard,10,700000,209.8,3.9345595096217263
36,DrQ-v2,reacher_hard,10,720000,328.0,4.047498742805587
37,DrQ-v2,reacher_hard,10,740000,371.0,4.160381084746785
38,DrQ-v2,reacher_hard,10,760000,489.9,4.273246524002817
39,DrQ-v2,reacher_hard,10,780000,296.3,4.386163797709677
40,DrQ-v2,reacher_hard,10,800000,203.5,4.4990331154399446
41,DrQ-v2,reacher_hard,10,820000,389.1,4.611943661901686
42,DrQ-v2,reacher_hard,10,840000,503.7,4.724857550991906
43,DrQ-v2,reacher_hard,10,860000,585.5,4.8377781984541155
44,DrQ-v2,reacher_hard,10,880000,345.0,4.950659831364949
45,DrQ-v2,reacher_hard,10,900000,389.4,5.058792703151703
46,DrQ-v2,reacher_hard,10,920000,292.1,5.166084049277836
47,DrQ-v2,reacher_hard,10,940000,389.9,5.278786143263181
48,DrQ-v2,reacher_hard,10,960000,629.0,5.39101758605904
49,DrQ-v2,reacher_hard,10,980000,599.9,5.5034941887193245
50,DrQ-v2,reacher_hard,10,1000000,383.6,5.616195089817047
51,DrQ-v2,reacher_hard,10,1020000,290.9,5.728501477771335
52,DrQ-v2,reacher_hard,10,1040000,486.2,5.841211439636019
53,DrQ-v2,reacher_hard,10,1060000,896.7,5.9541501357820295
54,DrQ-v2,reacher_hard,10,1080000,680.0,6.067063799566692
55,DrQ-v2,reacher_hard,10,1100000,526.1,6.180048111809625
56,DrQ-v2,reacher_hard,10,1120000,681.1,6.29274284183979
57,DrQ-v2,reacher_hard,10,1140000,578.9,6.405457655191422
58,DrQ-v2,reacher_hard,10,1160000,480.2,6.518290825088819
59,DrQ-v2,reacher_hard,10,1180000,485.4,6.630109813279577
60,DrQ-v2,reacher_hard,10,1200000,677.5,6.742976978619893
61,DrQ-v2,reacher_hard,10,1220000,561.3,6.855863682296541
62,DrQ-v2,reacher_hard,10,1240000,584.8,6.968654630515312
63,DrQ-v2,reacher_hard,10,1260000,935.3,7.081382768750191
64,DrQ-v2,reacher_hard,10,1280000,484.1,7.194167696171336
65,DrQ-v2,reacher_hard,10,1300000,506.7,7.306649179855983
66,DrQ-v2,reacher_hard,10,1320000,780.1,7.419616766969362
67,DrQ-v2,reacher_hard,10,1340000,752.6,7.532561732596823
68,DrQ-v2,reacher_hard,10,1360000,774.0,7.645660691128835
69,DrQ-v2,reacher_hard,10,1380000,865.0,7.758472312291463
70,DrQ-v2,reacher_hard,10,1400000,581.2,7.871401554412312
71,DrQ-v2,reacher_hard,10,1420000,772.3,7.984212065736453
72,DrQ-v2,reacher_hard,10,1440000,658.4,8.096982901824845
73,DrQ-v2,reacher_hard,10,1460000,777.5,8.209981254339219
74,DrQ-v2,reacher_hard,10,1480000,970.1,8.322916138768194
75,DrQ-v2,reacher_hard,10,1500000,850.1,8.436116773552365
76,DrQ-v2,reacher_hard,10,1520000,872.9,8.548568954865138
77,DrQ-v2,reacher_hard,10,1540000,874.0,8.661788093513913
78,DrQ-v2,reacher_hard,10,1560000,678.1,8.774469367133246
79,DrQ-v2,reacher_hard,10,1580000,774.8,8.887281982567576
80,DrQ-v2,reacher_hard,10,1600000,971.4,9.00026259276602
81,DrQ-v2,reacher_hard,10,1620000,773.7,9.112979000674354
82,DrQ-v2,reacher_hard,10,1640000,864.1,9.225220544536908
83,DrQ-v2,reacher_hard,10,1660000,772.6,9.337840812802314
84,DrQ-v2,reacher_hard,10,1680000,777.4,9.450698232981894
85,DrQ-v2,reacher_hard,10,1700000,772.2,9.563666832711961
86,DrQ-v2,reacher_hard,10,1720000,838.4,9.67690220091078
87,DrQ-v2,reacher_hard,10,1740000,674.5,9.78971989300516
88,DrQ-v2,reacher_hard,10,1760000,868.5,9.902298486762579
89,DrQ-v2,reacher_hard,10,1780000,778.4,10.015013325545523
90,DrQ-v2,reacher_hard,10,1800000,874.0,10.127795089019669
91,DrQ-v2,reacher_hard,10,1820000,792.4,10.240867868065834
92,DrQ-v2,reacher_hard,10,1840000,875.7,10.35375953462389
93,DrQ-v2,reacher_hard,10,1860000,877.0,10.466482848591275
94,DrQ-v2,reacher_hard,10,1880000,788.7,10.579512703617414
95,DrQ-v2,reacher_hard,10,1900000,582.2,10.69226537393199
96,DrQ-v2,reacher_hard,10,1920000,879.9,10.805081947843235
97,DrQ-v2,reacher_hard,10,1940000,967.7,10.917974959876803
98,DrQ-v2,reacher_hard,10,1960000,874.7,11.0309143900209
99,DrQ-v2,reacher_hard,10,1980000,866.0,11.143922271264923
100,DrQ-v2,reacher_hard,10,2000000,970.3,11.256484691898027
101,DrQ-v2,reacher_hard,10,2020000,946.0,11.369286983675426
102,DrQ-v2,reacher_hard,10,2040000,951.0,11.48206352280246
103,DrQ-v2,reacher_hard,10,2060000,774.4,11.595087937315306
104,DrQ-v2,reacher_hard,10,2080000,873.0,11.70799663040373
105,DrQ-v2,reacher_hard,10,2100000,777.6,11.820863437255223
106,DrQ-v2,reacher_hard,10,2120000,682.3,11.9338905156321
107,DrQ-v2,reacher_hard,10,2140000,871.7,12.046772248811193
108,DrQ-v2,reacher_hard,10,2160000,877.1,12.159671898881594
109,DrQ-v2,reacher_hard,10,2180000,872.8,12.272648643056554
110,DrQ-v2,reacher_hard,10,2200000,780.3,12.385321164131165
111,DrQ-v2,reacher_hard,10,2220000,777.6,12.497964029577046
112,DrQ-v2,reacher_hard,10,2240000,966.5,12.610978203813234
113,DrQ-v2,reacher_hard,10,2260000,778.5,12.723909228841464
114,DrQ-v2,reacher_hard,10,2280000,872.4,12.836720189783309
115,DrQ-v2,reacher_hard,10,2300000,978.8,12.950112226539188
116,DrQ-v2,reacher_hard,10,2320000,974.4,13.062980923520195
117,DrQ-v2,reacher_hard,10,2340000,869.5,13.175823932687441
118,DrQ-v2,reacher_hard,10,2360000,972.5,13.28849937485324
119,DrQ-v2,reacher_hard,10,2380000,972.9,13.401192010773553
120,DrQ-v2,reacher_hard,10,2400000,962.3,13.513983842399385
121,DrQ-v2,reacher_hard,10,2420000,871.4,13.62693635529942
122,DrQ-v2,reacher_hard,10,2440000,872.3,13.739952419930034
123,DrQ-v2,reacher_hard,10,2460000,875.7,13.852753283977508
124,DrQ-v2,reacher_hard,10,2480000,971.2,13.965622019635306
125,DrQ-v2,reacher_hard,10,2500000,810.4,14.07833792063925
126,DrQ-v2,reacher_hard,10,2520000,976.7,14.191041472421752
127,DrQ-v2,reacher_hard,10,2540000,973.6,14.303756285773384
128,DrQ-v2,reacher_hard,10,2560000,962.3,14.416210991806457
129,DrQ-v2,reacher_hard,10,2580000,965.2,14.529054217272334
130,DrQ-v2,reacher_hard,10,2600000,876.8,14.641724365287358
131,DrQ-v2,reacher_hard,10,2620000,780.6,14.754565110074148
132,DrQ-v2,reacher_hard,10,2640000,970.5,14.867451779577467
133,DrQ-v2,reacher_hard,10,2660000,973.2,14.980369420051575
134,DrQ-v2,reacher_hard,10,2680000,972.2,15.093130129906866
135,DrQ-v2,reacher_hard,10,2700000,949.4,15.205814446939362
136,DrQ-v2,reacher_hard,10,2720000,968.9,15.318566925260756
137,DrQ-v2,reacher_hard,10,2740000,872.7,15.43121734235022
138,DrQ-v2,reacher_hard,10,2760000,971.8,15.543871044715244
139,DrQ-v2,reacher_hard,10,2780000,974.0,15.656853570739429
140,DrQ-v2,reacher_hard,10,2800000,870.3,15.769747849504153
141,DrQ-v2,reacher_hard,10,2820000,966.8,15.88268411272102
142,DrQ-v2,reacher_hard,10,2840000,967.8,15.995460185077455
143,DrQ-v2,reacher_hard,10,2860000,962.9,16.108381497793726
144,DrQ-v2,reacher_hard,10,2880000,970.8,16.22119196964635
145,DrQ-v2,reacher_hard,10,2900000,964.9,16.334047059814136
146,DrQ-v2,reacher_hard,10,2920000,977.1,16.44697119196256
147,DrQ-v2,reacher_hard,10,2940000,972.4,16.559788223769928
148,DrQ-v2,reacher_hard,10,2960000,969.3,16.672512459423807
149,DrQ-v2,reacher_hard,10,2980000,970.3,16.78513807978895
